Product id,Data S2 Name,Group,id,Product_details,Country,Land Use (m2*year),Arable Land Use (m2*year),Pasture Land Use (m2*year),Biodiversity (sp*yr*10^14),"GHG Emissions (kg CO2eq, IPCC2013 incl CC feedbacks)",Acidification (g SO2eq),Eutrophication (g PO43-eq),Water Use (L),Scarcity Weighted Water Use (L eq),Sys,Weight
1,Wheat & Rye (Bread),starch_rich,4,Wheat bread,France,5.42,5.42,0.0,19.49,1.47,-,18.15,9.23,24.81,C,5.32764367353872
1,Wheat & Rye (Bread),starch_rich,5,Wheat and rye bread,France,29.28,29.28,0.0,105.26,4.46,-,35.38,11.53,84.81,C,5.32764367353872
1,Wheat & Rye (Bread),starch_rich,6,Wheat bread,France,1.44,1.44,0.0,2.36,1.17,-,2.93,65.36,262.65,C,1.0655287347077442
1,Wheat & Rye (Bread),starch_rich,7,Wheat bread,Germany,1.31,1.31,0.0,2.11,0.65,5.27,0.62,2.19,2.73,C,2.5312336496091095
1,Wheat & Rye (Bread),starch_rich,8,Wheat bread,Germany,1.99,1.99,0.0,3.23,0.42,3.41,0.29,2.19,2.73,O,0.21093613746742576
1,Wheat & Rye (Bread),starch_rich,9,Wheat bread,Germany,1.38,1.38,0.0,2.23,0.7,7.28,9.43,16.43,26.48,C,2.5312336496091095
1,Wheat & Rye (Bread),starch_rich,50,Wheat,Chile,3.87,3.87,0.0,78.7,1.31,18.09,4.91,2.2,86.39,C,9.465150322242156
1,Wheat & Rye (Bread),starch_rich,51,Wheat,Chile,9.75,9.75,0.0,198.23,1.09,4.71,0.58,2.2,86.39,O,1.577525053707026
1,Wheat & Rye (Bread),starch_rich,72,Winter wheat,Cyprus,5.12,5.12,0.0,122.14,1.27,7.94,1.79,711.91,35533.54,C,2.5991774138643393
1,Wheat & Rye (Bread),starch_rich,91,Winter wheat,France,1.32,1.32,0.0,2.17,0.98,8.07,6.78,59.25,239.85,C,1.0655287347077442
1,Wheat & Rye (Bread),starch_rich,92,Winter wheat,France,0.99,0.99,0.0,1.62,0.97,8.02,3.97,57.92,234.36,C,1.0655287347077442
1,Wheat & Rye (Bread),starch_rich,93,Winter wheat,France,1.07,1.07,0.0,1.75,0.98,8.10,4.01,62.72,254.11,C,1.0655287347077442
1,Wheat & Rye (Bread),starch_rich,94,Winter wheat,France,1.19,1.19,0.0,1.95,0.89,7.14,5.83,53.68,216.95,C,1.0655287347077442
1,Wheat & Rye (Bread),starch_rich,95,Winter wheat,France,1.3,1.3,0.0,2.13,0.91,7.14,6.18,58.5,236.76,C,1.0655287347077442
1,Wheat & Rye (Bread),starch_rich,96,Winter wheat,France,1.4,1.4,0.0,1.99,1.04,8.41,10.54,2.19,5.08,C,1.0655287347077442
1,Wheat & Rye (Bread),starch_rich,97,Winter wheat,France,1.42,1.42,0.0,2.03,0.92,6.82,7.73,2.19,5.08,C,1.0655287347077442
1,Wheat & Rye (Bread),starch_rich,98,Winter wheat,France,1.27,1.27,0.0,1.82,0.93,7.19,7.2,2.19,5.08,C,1.0655287347077442
1,Wheat & Rye (Bread),starch_rich,99,Winter wheat,France,1.17,1.17,0.0,1.67,0.92,7.20,4.23,2.19,5.08,C,1.0655287347077442
1,Wheat & Rye (Bread),starch_rich,100,Winter wheat,France,1.05,1.05,0.0,1.49,0.95,7.75,5.16,2.19,5.08,C,1.0655287347077442
1,Wheat & Rye (Bread),starch_rich,101,Winter wheat,France,1.43,1.43,0.0,2.05,0.99,9.03,7.34,2.19,5.08,C,1.0655287347077442
1,Wheat & Rye (Bread),starch_rich,102,Winter wheat,France,1.3,1.3,0.0,1.86,0.92,8.16,6.56,2.19,5.08,C,1.0655287347077442
1,Wheat & Rye (Bread),starch_rich,103,Soft wheat,France,3.69,3.69,0.0,13.26,1.09,4.93,5.47,2.19,5.08,O,0.3551762449025814
1,Wheat & Rye (Bread),starch_rich,104,Soft wheat,France,2.74,2.74,0.0,9.84,0.86,4.69,4.15,2.19,5.08,O,0.3551762449025814
1,Wheat & Rye (Bread),starch_rich,105,Soft wheat,France,1.46,1.46,0.0,2.4,1.21,9.54,4.8,26.95,129.48,C,1.0655287347077442
1,Wheat & Rye (Bread),starch_rich,106,Soft wheat,France,1.28,1.28,0.0,2.1,1.0,8.37,4.0,4.3,15.67,C,1.0655287347077442
1,Wheat & Rye (Bread),starch_rich,107,Wheat,France,1.37,1.37,0.0,2.25,0.96,5.29,2.67,2.19,5.08,C,2.131057469415488
1,Wheat & Rye (Bread),starch_rich,108,Wheat,France,1.47,1.47,0.0,2.41,0.81,4.45,3.62,2.19,5.08,C,2.131057469415488
1,Wheat & Rye (Bread),starch_rich,109,Wheat,France,1.55,1.55,0.0,2.2,1.23,9.59,9.35,4.0,7.48,C,1.0655287347077442
1,Wheat & Rye (Bread),starch_rich,110,Wheat,France,1.47,1.47,0.0,5.28,1.04,7.36,3.84,2.19,5.08,C,5.32764367353872
1,Wheat & Rye (Bread),starch_rich,111,Wheat,France,1.65,1.65,0.0,2.7,0.92,5.81,3.97,2.19,5.08,C,5.32764367353872
1,Wheat & Rye (Bread),starch_rich,112,Wheat,France,1.53,1.53,0.0,5.51,1.12,5.82,3.59,2.19,5.08,C,5.32764367353872
1,Wheat & Rye (Bread),starch_rich,113,Winter wheat,France,2.05,2.05,0.0,3.36,1.0,7.85,3.74,2.19,5.08,C,3.196586204123232
1,Wheat & Rye (Bread),starch_rich,115,Wheat,Germany,1.36,1.36,0.0,2.06,1.24,6.05,4.97,110.05,264.14,C,0.6328084124022774
1,Wheat & Rye (Bread),starch_rich,116,Wheat,Germany,1.36,1.36,0.0,2.06,1.23,5.99,4.88,109.96,263.93,C,0.6328084124022774
1,Wheat & Rye (Bread),starch_rich,117,Wheat,Germany,1.36,1.36,0.0,2.06,1.22,5.98,4.8,110.17,264.43,C,0.6328084124022774
1,Wheat & Rye (Bread),starch_rich,118,Wheat,Germany,2.72,2.72,0.0,4.11,1.48,27.00,15.15,109.95,263.89,O,0.21093613746742576
1,Wheat & Rye (Bread),starch_rich,123,Winter wheat,Germany,1.65,1.65,0.0,2.39,0.98,10.15,4.0,2.19,2.73,C,3.164042062011386
1,Wheat & Rye (Bread),starch_rich,124,Winter wheat,Germany,3.57,3.57,0.0,5.17,1.19,11.73,4.85,2.19,2.73,O,0.21093613746742576
1,Wheat & Rye (Bread),starch_rich,125,Winter wheat,Germany,2.77,2.77,0.0,4.0,1.36,8.22,2.32,2.19,2.73,O,0.21093613746742576
1,Wheat & Rye (Bread),starch_rich,126,Winter rye,Germany,3.06,3.06,0.0,4.43,0.92,10.17,3.4,2.19,2.73,O,0.21093613746742576
1,Wheat & Rye (Bread),starch_rich,127,Winter wheat,Germany,1.54,1.54,0.0,2.49,1.1,6.87,11.95,2.19,2.73,C,2.5312336496091095
1,Wheat & Rye (Bread),starch_rich,128,Wheat,Germany,1.52,1.52,0.0,2.3,1.24,6.31,4.51,3.83,6.7,C,0.6328084124022774
1,Wheat & Rye (Bread),starch_rich,178,Wheat,Mexico,2.4,2.4,0.0,137.24,0.86,12.30,7.5,172.85,201.07,C,4.732575161121079
1,Wheat & Rye (Bread),starch_rich,179,Wheat,Mexico,3.4,3.4,0.0,194.28,2.36,15.46,7.08,158.76,188.13,C,1.577525053707026
1,Wheat & Rye (Bread),starch_rich,180,Wheat,Mexico,2.32,2.32,0.0,132.27,0.52,11.88,5.61,172.5,200.75,C,1.577525053707026
1,Wheat & Rye (Bread),starch_rich,198,Wheat,Poland,3.5,3.5,0.0,7.62,1.79,6.71,3.29,2.19,4.26,C,8.924460245883287
1,Wheat & Rye (Bread),starch_rich,199,Wheat,Poland,2.44,2.44,0.0,3.78,1.9,7.84,11.75,101.89,227.99,C,1.6733362961031164
1,Wheat & Rye (Bread),starch_rich,200,Wheat,Poland,2.44,2.44,0.0,3.77,1.71,7.10,9.81,101.78,227.75,C,1.6733362961031164
2,Maize (Meal),starch_rich,265,Maize,Argentina,1.81,1.81,0.0,12.2,1.29,9.33,2.18,507.92,10446.72,C,50.116896985857274
2,Maize (Meal),starch_rich,270,Maize,Brazil,1.32,1.32,0.0,14.26,1.45,20.63,7.68,0.0,0.0,C,13.362840680827464
2,Maize (Meal),starch_rich,271,Maize,Brazil,1.19,1.19,0.0,32.19,1.35,25.48,8.12,0.0,0.0,C,20.044261021241198
2,Maize (Meal),starch_rich,341,Maize,Mexico,4.61,4.61,0.0,282.14,0.94,15.23,12.36,240.35,220.71,C,6.1133051395002465
2,Maize (Meal),starch_rich,342,Maize,Mexico,3.42,3.42,0.0,209.18,0.79,11.56,6.57,269.76,247.72,C,0.3820815712187654
2,Maize (Meal),starch_rich,391,Maize,United States,1.73,1.73,0.0,2.74,0.66,7.81,2.12,203.6,13005.74,C,0.11373919773624003
2,Maize (Meal),starch_rich,392,Maize,United States,2.05,2.05,0.0,3.25,0.47,8.53,2.38,239.0,15267.38,C,0.04265219915109002
2,Maize (Meal),starch_rich,394,Maize,United States,1.04,1.04,0.0,1.57,0.69,7.84,3.48,315.8,354.63,C,0.8814787824558601
2,Maize (Meal),starch_rich,396,Maize,United States,2.07,2.07,0.0,7.43,1.15,9.43,4.27,6.85,250.08,C,0.1563913968873301
2,Maize (Meal),starch_rich,397,Maize,United States,1.36,1.36,0.0,1.96,0.7,7.37,1.37,0.0,0.0,C,2.2890013544418313
2,Maize (Meal),starch_rich,398,Maize,United States,1.48,1.48,0.0,2.14,0.87,10.57,2.32,0.0,0.0,C,2.2890013544418313
2,Maize (Meal),starch_rich,399,Maize,United States,2.09,2.09,0.0,4.74,0.92,10.45,2.44,0.0,0.0,C,0.38386979235981017
2,Maize (Meal),starch_rich,400,Maize,United States,2.42,2.42,0.0,4.33,0.98,10.92,2.44,0.0,0.0,C,0.7108699858515003
2,Maize (Meal),starch_rich,401,Maize,United States,1.49,1.49,0.0,2.15,0.9,6.07,1.13,0.0,0.0,C,0.7108699858515003
2,Maize (Meal),starch_rich,402,Maize,United States,3.14,3.14,0.0,4.52,1.49,12.11,3.03,0.0,0.0,C,0.48339159037902013
2,Maize (Meal),starch_rich,403,Maize,United States,1.36,1.36,0.0,2.06,0.84,7.96,1.61,667.94,42667.68,C,0.8814787824558601
2,Maize (Meal),starch_rich,404,Maize,United States,2.24,2.24,0.0,3.22,0.84,8.20,1.49,174.92,1485.88,C,0.8814787824558601
2,Maize (Meal),starch_rich,405,Maize,United States,1.75,1.75,0.0,6.28,0.92,4.58,3.88,371.26,13546.37,C,0.1563913968873301
3,Barley (Beer),alcohols,427,Barley,Belgium,0.55,0.55,0.0,0.9,1.04,5.44,1.45,6.96,8.1,C,0.017285058119955368
3,Barley (Beer),alcohols,435,Spring barley,Denmark,0.39,0.39,0.0,0.59,1.12,5.92,1.86,6.96,33.61,C,0.17285058119955363
3,Barley (Beer),alcohols,441,Barley,Denmark,0.28,0.28,0.0,0.41,1.06,5.33,1.55,6.96,33.61,C,0.17285058119955363
3,Barley (Beer),alcohols,443,Summer malting barley,France,0.22,0.22,0.0,0.35,1.03,5.60,1.46,25.47,92.27,C,0.4150607945754087
3,Barley (Beer),alcohols,444,Summer malting barley,France,0.23,0.23,0.0,0.38,1.03,5.56,1.47,27.18,99.31,C,0.4150607945754087
3,Barley (Beer),alcohols,445,Summer malting barley,France,0.34,0.34,0.0,0.48,1.04,5.70,2.83,6.96,16.1,C,0.10922652488826545
3,Barley (Beer),alcohols,446,Summer malting barley,France,0.3,0.3,0.0,0.42,1.05,5.77,2.87,6.96,16.1,C,0.10922652488826545
3,Barley (Beer),alcohols,447,Summer malting barley,France,0.3,0.3,0.0,0.43,1.04,5.76,3.3,6.96,16.1,C,0.10922652488826545
3,Barley (Beer),alcohols,448,Summer malting barley,France,0.32,0.32,0.0,0.45,1.05,5.79,2.19,6.96,16.1,C,0.2184530497765309
3,Barley (Beer),alcohols,449,Winter malting barley,France,0.24,0.24,0.0,0.34,1.03,5.69,2.75,6.96,16.1,C,0.10922652488826545
3,Barley (Beer),alcohols,450,Winter malting barley,France,0.21,0.21,0.0,0.31,1.03,5.71,2.6,6.96,16.1,C,0.10922652488826545
3,Barley (Beer),alcohols,451,Spring barley,France,0.31,0.31,0.0,1.11,1.05,5.68,1.69,6.96,16.1,C,0.8519668941284705
3,Barley (Beer),alcohols,452,Barley,France,0.27,0.27,0.0,0.97,1.04,5.74,1.56,7.81,23.19,C,0.8519668941284705
3,Barley (Beer),alcohols,453,Barley,France,0.27,0.27,0.0,0.38,1.07,5.95,2.64,7.25,16.49,C,0.2184530497765309
3,Barley (Beer),alcohols,454,Barley,France,0.42,0.42,0.0,0.69,1.05,5.77,1.56,6.96,16.1,C,0.2621436597318371
3,Barley (Beer),alcohols,456,Winter barley,Germany,0.22,0.22,0.0,0.36,1.03,5.68,2.38,9.42,12.61,C,0.767774192400734
3,Barley (Beer),alcohols,457,Barley,Germany,0.23,0.23,0.0,0.34,1.08,5.41,1.62,7.19,9.2,C,0.15685709307111773
3,Barley (Beer),alcohols,467,Barley,Norway,0.49,0.49,0.0,0.23,1.29,5.83,1.9,6.96,4.42,C,0.03457011623991073
3,Barley (Beer),alcohols,468,Barley,Norway,0.34,0.34,0.0,0.15,1.18,5.90,1.58,6.96,4.42,C,0.03457011623991073
3,Barley (Beer),alcohols,475,Barley,Spain,0.38,0.38,0.0,6.26,0.99,5.10,1.04,102.76,9772.96,C,37.43410658828943
3,Barley (Beer),alcohols,476,Barley,Spain,0.77,0.77,0.0,12.51,1.13,5.71,4.28,7.52,256.0,C,53.9634523545471
3,Barley (Beer),alcohols,477,Barley,Sweden,0.39,0.39,0.0,0.25,1.09,5.21,1.69,6.96,28.01,C,0.10537088858375937
3,Barley (Beer),alcohols,478,Barley,Sweden,0.64,0.64,0.0,0.4,1.15,5.27,1.86,6.96,28.01,C,0.043904536909899726
3,Barley (Beer),alcohols,479,Barley,Sweden,0.4,0.4,0.0,0.25,1.1,5.26,1.33,6.96,28.01,C,0.20196086978553876
3,Barley (Beer),alcohols,481,Winter barley,Switzerland,0.23,0.23,0.0,1.91,1.02,5.59,2.34,7.85,7.3,C,0.011523372079970243
3,Barley (Beer),alcohols,482,Winter barley,Switzerland,0.31,0.31,0.0,2.55,1.03,5.72,2.91,7.85,7.3,C,0.011523372079970243
3,Barley (Beer),alcohols,483,Winter barley,Switzerland,0.25,0.25,0.0,2.13,1.05,5.71,4.49,6.96,5.71,C,0.011523372079970243
3,Barley (Beer),alcohols,484,Winter barley,Switzerland,0.27,0.27,0.0,2.24,1.06,6.00,4.72,6.96,5.71,C,0.005761686039985121
3,Barley (Beer),alcohols,485,Winter barley,Switzerland,0.32,0.32,0.0,2.69,1.07,5.78,5.7,6.96,5.71,C,0.011523372079970243
3,Barley (Beer),alcohols,486,Winter barley,Switzerland,0.33,0.33,0.0,2.8,1.08,6.40,5.98,6.96,5.71,C,0.011523372079970243
3,Barley (Beer),alcohols,487,Winter barley,Switzerland,0.43,0.43,0.0,3.58,1.08,7.67,7.36,6.96,5.71,O,0.005761686039985121
3,Barley (Beer),alcohols,488,Winter barley,Switzerland,0.42,0.42,0.0,3.51,1.08,7.77,7.38,6.96,5.71,O,0.005761686039985121
3,Barley (Beer),alcohols,489,Summer barley,Switzerland,0.27,0.27,0.0,2.25,1.06,5.64,3.68,6.96,5.71,C,0.005761686039985121
3,Barley (Beer),alcohols,490,Summer barley,Switzerland,0.28,0.28,0.0,2.37,1.07,5.68,3.86,6.96,5.71,C,0.005761686039985121
3,Barley (Beer),alcohols,491,Summer barley,Switzerland,0.37,0.37,0.0,3.07,1.08,5.75,4.48,6.96,5.71,C,0.005761686039985121
3,Barley (Beer),alcohols,492,Summer barley,Switzerland,0.34,0.34,0.0,2.84,1.09,6.03,4.63,6.96,5.71,C,0.005761686039985121
3,Barley (Beer),alcohols,493,Summer barley,Switzerland,0.35,0.35,0.0,2.96,1.1,7.11,5.05,6.96,5.71,C,0.005761686039985121
3,Barley (Beer),alcohols,494,Summer barley,Switzerland,0.4,0.4,0.0,3.35,1.11,6.63,4.93,6.96,5.71,C,0.005761686039985121
3,Barley (Beer),alcohols,495,Summer barley,Switzerland,0.45,0.45,0.0,3.78,1.08,7.00,4.79,6.96,5.71,O,0.005761686039985121
3,Barley (Beer),alcohols,496,Summer barley,Switzerland,0.44,0.44,0.0,3.71,1.08,7.02,4.79,6.96,5.71,O,0.005761686039985121
3,Barley (Beer),alcohols,497,Summer barley,Switzerland,0.45,0.45,0.0,3.75,1.08,6.93,4.47,6.96,5.71,O,0.005761686039985121
3,Barley (Beer),alcohols,501,Winter barley,United Kingdom,0.32,0.32,0.0,0.42,1.04,5.36,1.38,6.96,21.8,C,0.7782427524478807
3,Barley (Beer),alcohols,502,Winter barley,United Kingdom,0.79,0.79,0.0,1.06,1.04,5.24,1.89,6.96,21.8,O,0.06225942019583045
3,Barley (Beer),alcohols,503,Spring barley,United Kingdom,0.36,0.36,0.0,0.48,1.03,5.57,1.4,6.96,21.8,C,2.08569057656032
3,Barley (Beer),alcohols,504,Spring barley,United Kingdom,0.94,0.94,0.0,1.27,1.05,5.37,2.2,6.96,21.8,O,0.06225942019583045
4,Oatmeal,starch_rich,510,Oats,Canada,3.0,3.0,0.0,2.04,0.88,7.93,9.83,2.16,20.88,C,79.7766651277067
4,Oatmeal,starch_rich,511,Oats,Finland,2.65,2.65,0.0,1.15,1.09,8.45,25.38,1.9,3.27,C,3.739667729196916
4,Oatmeal,starch_rich,515,Oats,Norway,3.64,3.64,0.0,1.67,2.78,9.06,7.4,0.0,0.0,C,0.6542587308431456
4,Oatmeal,starch_rich,516,Oats,Norway,2.82,2.82,0.0,1.2,2.03,9.33,5.24,0.0,0.0,C,0.6542587308431456
4,Oatmeal,starch_rich,517,Oats,Portugal,9.58,9.58,0.0,151.23,1.81,16.82,5.85,1278.08,44509.01,C,8.405409229330697
4,Oatmeal,starch_rich,518,Oats,Sweden,3.08,3.08,0.0,4.39,1.35,4.77,6.8,0.0,0.0,C,0.7172688045916802
4,Oatmeal,starch_rich,519,Oats,Sweden,5.45,5.45,0.0,3.41,1.87,5.12,7.99,0.0,0.0,C,2.1939986963980798
4,Oatmeal,starch_rich,520,Oats,Sweden,3.33,3.33,0.0,2.08,1.41,5.01,3.4,0.0,0.0,C,2.0252295659059203
4,Oatmeal,starch_rich,524,Oats,United States,7.21,7.21,0.0,49.83,4.26,18.28,11.12,1791.1,105303.87,C,1.8332433851837207
5,Rice,starch_rich,528,Rice,China,1.2,1.2,0.0,5.61,2.05,-,5.34,1879.09,75662.22,C,0.022637317481668223
5,Rice,starch_rich,530,Rice,China,1.46,1.46,0.0,6.82,5.04,71.86,26.44,998.37,169.78,C,0.022637317481668223
5,Rice,starch_rich,531,Rice,China,2.24,2.24,0.0,21.78,6.23,18.05,22.86,2200.64,841.26,C,0.0820602758710473
5,Rice,starch_rich,532,Rice,China,5.78,5.78,0.0,9.5,5.0,32.19,14.7,2453.03,4416.29,C,0.11884591677875818
5,Rice,starch_rich,533,Rice,China,1.66,1.66,0.0,7.75,3.73,19.12,11.12,1572.34,55648.04,C,0.022637317481668223
5,Rice,starch_rich,534,Rice,China,2.34,2.34,0.0,8.23,4.25,17.89,11.15,1659.64,8267.16,C,0.0820602758710473
5,Rice,starch_rich,535,Rice,China,2.83,2.83,0.0,27.52,6.43,31.01,35.3,2733.39,3792.79,C,0.056593293704170565
5,Rice,starch_rich,537,Rice,China,1.49,1.49,0.0,14.48,3.9,12.94,5.87,1644.48,671.97,C,0.019807652796459695
5,Rice,starch_rich,538,Rice,China,1.45,1.45,0.0,14.04,5.71,12.81,7.47,1594.5,651.54,C,0.019807652796459695
5,Rice,starch_rich,539,Rice,China,1.41,1.41,0.0,13.67,4.44,12.37,10.59,1552.26,634.28,C,0.019807652796459695
5,Rice,starch_rich,541,Rice,China,1.32,1.32,0.0,6.18,2.56,26.35,6.7,1879.09,32929.54,C,0.022637317481668223
5,Rice,starch_rich,542,Rice,China,1.33,1.33,0.0,6.24,2.49,26.96,7.01,1879.09,32929.54,C,0.022637317481668223
5,Rice,starch_rich,543,Rice,China,1.85,1.85,0.0,8.64,3.51,29.83,34.68,1879.09,319.56,C,0.048104299648544985
5,Rice,starch_rich,544,Rice,China,1.53,1.53,0.0,7.13,2.77,22.91,31.67,1879.09,319.56,C,0.048104299648544985
5,Rice,starch_rich,545,Rice,China,2.73,2.73,0.0,12.77,2.6,21.12,36.7,1879.09,319.56,C,0.014148323426042641
5,Rice,starch_rich,561,Long grain rice,Italy,2.62,2.62,0.0,8.6,1.66,15.82,8.19,7963.05,22993.63,C,0.03420446291625776
5,Rice,starch_rich,562,Long grain rice,Italy,2.16,2.16,0.0,7.1,1.13,8.56,7.52,6577.48,18992.74,C,0.03420446291625776
5,Rice,starch_rich,563,Rice,Italy,2.82,2.82,0.0,9.25,4.43,10.32,8.35,5757.14,16623.98,C,0.03420446291625776
5,Rice,starch_rich,564,Rice,Italy,3.86,3.86,0.0,12.67,5.04,12.15,7.52,5814.71,16790.22,O,0.01710223145812888
5,Rice,starch_rich,588,Rice,United States,2.16,2.16,0.0,38.43,2.63,5.86,2.09,2711.87,192406.59,C,99.25775814904723
6,Potatoes,starch_rich,594,Potatoes,Chile,2.53,2.53,0.0,13.34,0.26,-,0.81,0.0,0.0,C,4.646901274598772
6,Potatoes,starch_rich,595,Potatoes,Chile,1.45,1.45,0.0,31.45,0.38,-,1.31,246.12,21307.65,C,4.646901274598772
6,Potatoes,starch_rich,596,Potatoes,Chile,1.52,1.52,0.0,33.02,0.46,-,1.73,328.09,28404.47,C,4.646901274598772
6,Potatoes,starch_rich,597,Potatoes,Chile,0.88,0.88,0.0,19.11,0.31,-,1.37,169.73,14331.12,C,4.646901274598772
6,Potatoes,starch_rich,598,Potatoes,Chile,1.06,1.06,0.0,23.05,0.35,-,1.68,230.77,19484.35,C,4.646901274598772
6,Potatoes,starch_rich,599,Potatoes,Chile,0.78,0.78,0.0,16.92,0.29,-,1.41,183.03,16485.14,C,4.646901274598772
6,Potatoes,starch_rich,600,Potatoes,Chile,1.27,1.27,0.0,27.53,0.38,-,2.14,415.62,37434.89,C,4.646901274598772
6,Potatoes,starch_rich,601,Potatoes,Chile,1.06,1.06,0.0,23.04,0.36,-,1.28,34.0,3073.46,C,4.646901274598772
6,Potatoes,starch_rich,602,Potatoes,Chile,1.01,1.01,0.0,22.04,0.31,-,0.96,40.25,3638.43,C,4.646901274598772
6,Potatoes,starch_rich,603,Potatoes,Chile,0.73,0.73,0.0,15.87,0.33,-,1.05,43.67,3947.45,C,4.646901274598772
6,Potatoes,starch_rich,604,Potatoes,Chile,0.82,0.82,0.0,17.87,0.36,-,1.77,47.16,2982.06,C,4.646901274598772
6,Potatoes,starch_rich,605,Potatoes,Chile,0.83,0.83,0.0,18.09,0.38,-,1.87,0.0,0.0,C,4.646901274598772
6,Potatoes,starch_rich,606,Potatoes,Chile,0.73,0.73,0.0,15.88,0.35,-,1.57,3.81,240.97,C,4.646901274598772
6,Potatoes,starch_rich,607,Potatoes,Chile,0.75,0.75,0.0,16.39,0.35,-,1.58,5.9,373.07,C,4.646901274598772
6,Potatoes,starch_rich,608,Potatoes,Chile,0.71,0.71,0.0,4.88,0.28,-,1.1,0.0,0.0,C,4.646901274598772
6,Potatoes,starch_rich,609,Potatoes,Chile,0.55,0.55,0.0,3.78,0.29,-,1.11,13.22,14.23,C,4.646901274598772
6,Potatoes,starch_rich,610,Potatoes,Chile,0.54,0.54,0.0,3.73,0.34,-,2.75,0.0,0.0,C,4.646901274598772
6,Potatoes,starch_rich,611,Potatoes,Chile,1.65,1.65,0.0,11.38,0.32,-,4.3,0.0,0.0,C,4.646901274598772
6,Potatoes,starch_rich,612,Potatoes,Chile,0.51,0.51,0.0,2.75,0.36,-,1.51,0.0,0.0,C,4.646901274598772
6,Potatoes,starch_rich,613,Potatoes,Chile,0.3,0.3,0.0,2.1,0.24,2.55,2.12,39.53,27.47,C,4.646901274598772
6,Potatoes,starch_rich,614,Potatoes,Chile,0.49,0.49,0.0,3.4,0.27,2.67,2.96,64.12,44.56,C,4.646901274598772
6,Potatoes,starch_rich,627,Potatoes,France,0.47,0.47,0.0,2.18,0.33,3.57,1.14,22.34,185.19,C,0.039394352176326815
6,Potatoes,starch_rich,628,Potatoes,France,0.55,0.55,0.0,2.56,0.35,3.73,1.31,28.19,233.69,C,0.039394352176326815
6,Potatoes,starch_rich,629,Potatoes,France,0.34,0.34,0.0,1.58,0.34,2.85,0.96,0.0,0.0,C,0.039394352176326815
6,Potatoes,starch_rich,630,Potatoes,Germany,0.43,0.43,0.0,0.83,0.45,4.01,3.67,5.18,8.35,C,0.1878597005323764
6,Potatoes,starch_rich,631,Potatoes,Germany,0.35,0.35,0.0,0.6,0.42,2.86,0.81,0.0,0.0,C,0.1878597005323764
6,Potatoes,starch_rich,632,Potatoes,Germany,0.63,0.63,0.0,1.09,0.23,4.30,1.55,0.0,0.0,O,0.019774705319197516
6,Potatoes,starch_rich,647,Potatoes,Netherlands,0.4,0.4,0.0,0.74,0.6,4.73,4.18,12.34,18.62,C,1.8751331690619515
6,Potatoes,starch_rich,662,Potatoes,Switzerland,0.42,0.42,0.0,4.06,0.32,3.09,2.81,1.28,2.27,C,0.006565725362721136
6,Potatoes,starch_rich,663,Potatoes,Switzerland,0.68,0.68,0.0,6.53,0.39,5.96,12.06,0.0,0.0,C,0.003282862681360568
6,Potatoes,starch_rich,664,Potatoes,Switzerland,0.42,0.42,0.0,4.08,0.39,4.60,4.95,0.0,0.0,C,0.006565725362721136
6,Potatoes,starch_rich,665,Potatoes,Switzerland,0.51,0.51,0.0,4.92,0.42,5.35,6.88,0.0,0.0,C,0.003282862681360568
6,Potatoes,starch_rich,666,Potatoes,Switzerland,0.72,0.72,0.0,6.95,0.42,5.44,8.14,0.0,0.0,O,0.003282862681360568
6,Potatoes,starch_rich,667,Potatoes,Switzerland,0.66,0.66,0.0,6.41,0.41,5.56,7.99,0.0,0.0,O,0.003282862681360568
7,Cassava,starch_rich,723,Cassava,Thailand,0.97,0.97,0.0,27.01,0.33,2.80,0.49,0.0,0.0,C,50.0
7,Cassava,starch_rich,724,Cassava,Thailand,0.9,0.9,0.0,16.85,0.3,3.06,0.83,0.0,0.0,C,50.0
8,Cane Sugar,sugars,733,Sugar,Argentina,1.7,1.7,0.0,67.98,2.38,21.74,9.19,8.14,39.96,C,2.257336343115124
8,Cane Sugar,sugars,734,Sugar,Argentina,1.5,1.5,0.0,60.09,2.36,21.59,9.08,8.14,39.96,C,4.966139954853273
8,Cane Sugar,sugars,735,Sugar,Argentina,1.26,1.26,0.0,50.43,2.3,21.33,9.1,8.14,39.96,C,4.966139954853273
8,Cane Sugar,sugars,743,Sugar,Brazil,1.53,1.53,0.0,107.92,0.55,7.88,4.03,8.14,15.3,C,38.60045146726862
8,Cane Sugar,sugars,753,Sugar,Mexico,1.45,1.45,0.0,191.62,2.45,18.18,133.73,820.55,1453.7,C,2.257336343115124
8,Cane Sugar,sugars,754,Sugar,Mexico,1.3,1.3,0.0,172.71,2.08,16.74,13.81,623.96,1141.63,C,3.160270880361174
8,Cane Sugar,sugars,755,Sugar,Mexico,1.65,1.65,0.0,209.02,2.56,16.11,8.98,994.22,6530.32,C,5.8690744920993225
8,Cane Sugar,sugars,756,Sugar,Mexico,1.65,1.65,0.0,97.95,2.43,16.33,7.27,1174.22,4572.65,C,6.094808126410835
8,Cane Sugar,sugars,774,Sugar cane,Brazil,2.12,2.12,0.0,136.76,5.19,18.49,8.92,8.14,15.3,C,31.82844243792325
9,Beet Sugar,sugars,787,Sugar,Germany,1.26,1.26,0.0,1.96,1.61,9.89,3.69,12.1,15.02,C,1.3038732301810656
9,Beet Sugar,sugars,788,Sugar,Germany,1.46,1.46,0.0,2.27,1.66,12.32,4.81,12.1,15.02,C,1.3038732301810656
9,Beet Sugar,sugars,789,Sugar,Germany,1.37,1.37,0.0,2.12,1.6,14.98,4.76,12.1,15.02,C,1.3038732301810656
9,Beet Sugar,sugars,793,Sugar,Sweden,1.36,1.36,0.0,2.12,1.61,4.41,2.11,12.1,48.7,C,0.02662757526637891
9,Beet Sugar,sugars,795,Sugar beet,France,1.31,1.31,0.0,5.2,1.54,11.13,3.0,23.13,119.49,C,47.714090374647256
9,Beet Sugar,sugars,796,Sugar beet,France,1.77,1.77,0.0,7.04,2.13,11.65,4.76,12.1,28.0,C,47.714090374647256
9,Beet Sugar,sugars,804,Sugar beet,Switzerland,1.18,1.18,0.0,10.96,1.77,13.56,6.48,12.1,9.93,C,0.22137364664613216
9,Beet Sugar,sugars,805,Sugar beet,United Kingdom,1.72,1.72,0.0,2.34,1.77,-,6.03,12.1,37.9,C,0.192359224516556
9,Beet Sugar,sugars,806,Sugar beet,United Kingdom,3.53,3.53,0.0,4.8,1.72,-,6.34,12.1,37.9,O,0.027479889216650857
9,Beet Sugar,sugars,807,Sugar beet,United Kingdom,1.55,1.55,0.0,2.31,1.72,8.68,2.21,92.55,408.63,C,0.192359224516556
10,Other Pulses,protein_rich,822,Chickpeas,Australia,15.68,15.68,0.0,161.93,0.67,5.75,1.31,0.0,0.0,C,0.06308300428132431
10,Other Pulses,protein_rich,823,Lupins,Australia,22.62,22.62,0.0,663.81,1.5,-,7.04,0.0,0.0,C,0.07149407151883422
10,Other Pulses,protein_rich,824,Chickpeas,Australia,10.18,10.18,0.0,83.34,0.87,5.91,3.23,0.0,0.0,C,0.006308300428132431
10,Other Pulses,protein_rich,831,Lentils,Canada,11.94,11.94,0.0,12.59,1.12,-,1.65,0.0,0.0,C,89.97953828188
10,Other Pulses,protein_rich,847,Pigeon peas,India,10.25,10.25,0.0,80.63,1.29,-,22.48,0.0,0.0,C,2.641414508075215
10,Other Pulses,protein_rich,848,Pigeon peas,India,10.63,10.63,0.0,83.65,1.26,-,14.84,0.0,0.0,C,2.641414508075215
10,Other Pulses,protein_rich,849,Pigeon peas,India,12.81,12.81,0.0,100.78,1.31,-,12.5,0.0,0.0,C,2.641414508075215
10,Other Pulses,protein_rich,850,Lentils,"Iran, Islamic Republic of",41.72,41.72,0.0,653.67,3.93,33.13,48.94,0.0,0.0,C,1.9553328176660678
11,Peas,protein_rich,867,Peas,Belgium,9.54,9.54,0.0,14.76,0.92,3.92,8.93,0.0,0.0,C,0.3883495145631068
11,Peas,protein_rich,871,Spring peas,Canada,6.3,6.3,0.0,6.64,0.62,-,0.79,0.0,0.0,C,20.485436893203882
11,Peas,protein_rich,872,Spring peas,France,2.11,2.11,0.0,3.23,0.54,3.77,2.63,188.0,773.57,C,2.03883495145631
11,Peas,protein_rich,873,Spring peas,France,2.24,2.24,0.0,3.42,0.56,3.92,2.78,199.7,821.71,C,2.03883495145631
11,Peas,protein_rich,874,Spring peas,France,2.03,2.03,0.0,2.71,0.49,4.00,4.31,0.0,0.0,C,0.9708737864077669
11,Peas,protein_rich,875,Spring peas,France,2.84,2.84,0.0,3.79,0.53,4.06,12.82,0.0,0.0,C,0.9708737864077669
11,Peas,protein_rich,876,Spring peas,France,2.5,2.5,0.0,3.34,0.55,3.90,3.74,0.0,0.0,C,0.3883495145631068
11,Peas,protein_rich,877,Winter peas,France,2.28,2.28,0.0,3.48,0.45,3.47,8.18,111.61,459.25,C,2.03883495145631
11,Peas,protein_rich,878,Winter peas,France,2.46,2.46,0.0,3.77,0.47,3.62,8.99,120.99,497.86,C,2.03883495145631
11,Peas,protein_rich,879,Winter peas,France,2.86,2.86,0.0,3.82,0.55,4.09,15.7,0.0,0.0,C,0.9708737864077669
11,Peas,protein_rich,880,Peas,France,3.51,3.51,0.0,11.78,0.58,4.35,6.71,18.84,156.13,C,5.048543689320387
11,Peas,protein_rich,881,Peas,France,2.95,2.95,0.0,9.89,0.54,4.07,5.62,23.5,194.79,C,5.048543689320387
11,Peas,protein_rich,882,Peas,France,3.27,3.27,0.0,5.0,0.66,3.26,8.44,0.0,0.0,C,3.398058252427184
11,Peas,protein_rich,883,Peas,France,1.81,1.81,0.0,2.78,0.52,3.11,4.27,0.0,0.0,C,3.398058252427184
11,Peas,protein_rich,884,Peas,France,2.81,2.81,0.0,3.75,1.03,3.84,14.44,1.83,2.44,C,0.3883495145631068
11,Peas,protein_rich,885,Peas,France,3.03,3.03,0.0,10.17,0.63,3.24,9.46,24.2,200.57,C,5.048543689320387
11,Peas,protein_rich,886,Peas,France,2.48,2.48,0.0,8.33,0.99,3.85,7.61,0.0,0.0,C,5.048543689320387
11,Peas,protein_rich,888,Peas,Germany,2.83,2.83,0.0,3.98,1.22,4.18,6.57,1.88,4.56,C,1.5533980582524272
11,Peas,protein_rich,892,Peas,Portugal,14.71,14.71,0.0,228.25,1.7,5.68,1.8,4050.65,302949.74,C,8.543689320388347
11,Peas,protein_rich,893,Peas,Spain,10.68,10.68,0.0,170.8,1.6,6.06,33.64,1.58,103.0,C,26.310679611650485
11,Peas,protein_rich,894,Peas,Sweden,5.48,5.48,0.0,3.19,1.38,3.81,9.38,0.0,0.0,C,0.9708737864077669
11,Peas,protein_rich,895,Peas,Sweden,5.73,5.73,0.0,3.34,1.41,3.41,7.42,0.0,0.0,C,0.48543689320388345
11,Peas,protein_rich,896,Peas,Sweden,4.33,4.33,0.0,2.53,1.14,3.47,6.14,0.0,0.0,C,1.4563106796116503
11,Peas,protein_rich,897,Peas,Switzerland,2.77,2.77,0.0,21.93,1.25,5.99,9.96,0.0,0.0,C,0.7766990291262134
11,Peas,protein_rich,898,Peas,Switzerland,3.63,3.63,0.0,28.76,1.51,16.41,24.64,0.0,0.0,O,0.1941747572815534
12,Nuts,protein_rich,899,Almonds,Australia,7.41,7.41,0.0,32.62,2.95,52.34,40.04,9107.22,247325.18,C,0.12766191004683924
12,Nuts,protein_rich,900,Cashew nuts,Brazil,14.73,14.73,0.0,214.07,10.87,95.06,29.93,7.23,25.9,C,0.4796218949545682
12,Nuts,protein_rich,901,Cashew nuts,Brazil,46.01,46.01,0.0,668.73,23.68,19.86,16.18,22.59,202.99,C,0.4796218949545682
12,Nuts,protein_rich,902,Almonds,China,6.99,6.99,0.0,57.88,1.68,22.96,9.52,1089.59,49610.27,C,1.671221726240157
12,Nuts,protein_rich,903,Pistachios,Greece,9.48,9.48,0.0,394.81,3.57,18.65,7.13,4417.94,344554.83,C,7.618374526894677
12,Nuts,protein_rich,905,Hazelnuts,"Iran, Islamic Republic of",30.51,30.51,0.0,777.61,-8.09,37.49,90.74,8007.93,250115.65,C,0.16042367522184028
12,Nuts,protein_rich,906,Almonds,"Iran, Islamic Republic of",15.02,15.02,0.0,297.5,8.13,119.18,43.16,8609.89,645551.88,C,0.9447171985286149
12,Nuts,protein_rich,907,Hazelnuts,Italy,12.56,12.56,0.0,496.04,3.05,40.52,47.17,1717.32,43497.29,C,67.2273061092515
12,Nuts,protein_rich,908,Chestnuts,Portugal,29.36,29.36,0.0,1519.68,3.52,11.52,5.34,0.0,0.0,C,8.022505531768454
12,Nuts,protein_rich,909,Chestnuts,Portugal,24.7,24.7,0.0,1278.42,2.1,10.93,6.27,0.0,0.0,C,8.022505531768454
12,Nuts,protein_rich,913,Almonds,United States,6.81,6.81,0.0,53.34,-2.91,34.91,13.61,6745.79,396604.25,C,0.835224789532643
12,Nuts,protein_rich,914,Walnuts,United States,3.78,3.78,0.0,29.6,-0.22,-,7.84,1664.28,97847.79,C,0.3244261579176381
12,Nuts,protein_rich,915,Pistachios,United States,6.25,6.25,0.0,48.92,-4.09,-,10.74,3200.18,188147.92,C,0.5315066842480455
12,Nuts,protein_rich,916,Almonds,United States,4.49,4.49,0.0,266.27,-1.38,28.37,23.18,1823.32,129364.29,C,0.835224789532643
12,Nuts,protein_rich,917,Almonds,United States,5.6,5.6,0.0,34.3,3.74,33.71,11.16,8280.95,302154.13,C,0.835224789532643
12,Nuts,protein_rich,918,Almonds,United States,8.73,8.73,0.0,518.18,-1.96,66.42,17.56,9106.93,646134.54,C,0.835224789532643
12,Nuts,protein_rich,919,Almonds,United States,10.91,10.91,0.0,647.71,-1.24,40.12,12.23,11383.53,807659.27,O,0.5591174210920998
12,Nuts,protein_rich,920,Walnuts,United States,4.15,4.15,0.0,62.69,-0.32,20.38,7.81,1069.8,5517.33,C,0.3244261579176381
12,Nuts,protein_rich,921,Walnuts,United States,20.76,20.76,0.0,313.46,-2.07,34.79,16.25,10697.94,55173.02,O,0.16566442106432588
13,Groundnuts,protein_rich,922,Peanuts,Argentina,7.03,7.03,0.0,46.76,6.18,10.70,8.17,748.49,15394.46,C,95.7899551584836
13,Groundnuts,protein_rich,927,Peanuts,China,5.65,5.65,0.0,35.1,1.31,10.10,5.75,831.71,37868.44,C,0.8118776836724017
13,Groundnuts,protein_rich,930,Peanuts,China,4.6,4.6,0.0,17.48,3.59,57.03,19.01,880.9,83995.08,C,0.8118776836724017
13,Groundnuts,protein_rich,931,Peanuts,China,7.12,7.12,0.0,27.08,3.37,55.64,18.49,852.46,81282.88,C,0.8118776836724017
13,Groundnuts,protein_rich,937,Peanuts,United States,10.27,10.27,0.0,12.79,1.96,13.73,8.65,0.0,0.0,C,0.8872058952495974
13,Groundnuts,protein_rich,938,Peanuts,United States,7.1,7.1,0.0,8.84,1.75,12.97,7.75,838.46,966.5,C,0.5014642016628159
13,Groundnuts,protein_rich,939,Peanuts,United States,10.27,10.27,0.0,12.79,1.94,13.10,5.99,0.0,0.0,C,0.23144501615206883
13,Groundnuts,protein_rich,940,Peanuts,United States,7.1,7.1,0.0,8.84,1.75,12.36,5.28,838.46,966.5,C,0.1542966774347126
14,Soymilk,milks,948,Soybeans,Argentina,0.6,0.6,0.0,5.23,1.07,3.18,0.52,1.27,6.25,C,4.95828667968664
14,Soymilk,milks,958,Soybeans,Brazil,0.28,0.28,0.0,5.38,1.28,3.84,1.46,1.27,2.39,C,1.4474456010927517
14,Soymilk,milks,959,Soybeans,Brazil,0.31,0.31,0.0,3.96,1.25,3.46,1.48,1.27,2.39,C,1.176049550887861
14,Soymilk,milks,963,Soybeans,Brazil,0.35,0.35,0.0,21.8,1.27,3.23,1.45,1.27,2.39,C,0.3920165169626203
14,Soymilk,milks,964,Soybeans,Brazil,0.58,0.58,0.0,7.33,0.74,3.26,1.53,1.27,2.39,C,1.176049550887861
14,Soymilk,milks,965,Soybeans,Brazil,0.28,0.28,0.0,5.29,0.92,3.36,0.56,1.27,2.39,C,1.3871353677138871
14,Soymilk,milks,967,Soybeans,Brazil,0.37,0.37,0.0,4.62,0.76,3.74,1.48,1.27,2.39,C,5.156524953892929
14,Soymilk,milks,968,Soybeans,Brazil,0.34,0.34,0.0,6.61,0.84,3.99,1.45,1.27,2.39,C,2.7742707354277742
14,Soymilk,milks,969,Soybeans,Brazil,0.45,0.45,0.0,8.56,1.4,3.34,1.11,1.27,2.39,C,2.020392818191966
14,Soymilk,milks,970,Soybeans,Brazil,0.39,0.39,0.0,7.29,1.29,3.26,1.07,1.27,2.39,C,1.4474456010927517
14,Soymilk,milks,971,Soybeans,Brazil,0.29,0.29,0.0,5.5,1.14,3.23,1.05,1.27,2.39,C,1.3871353677138871
14,Soymilk,milks,1000,Soybeans,"Iran, Islamic Republic of",0.36,0.36,0.0,5.69,0.82,4.78,1.32,209.08,19424.66,C,0.04928602779933728
14,Soymilk,milks,1001,Soybeans,"Iran, Islamic Republic of",0.34,0.34,0.0,5.28,0.8,3.95,1.1,176.48,16385.33,C,0.04928602779933728
14,Soymilk,milks,1002,Soybeans,"Iran, Islamic Republic of",0.35,0.35,0.0,5.48,0.79,3.95,1.09,169.08,15695.97,C,0.04928602779933728
14,Soymilk,milks,1003,Soybeans,"Iran, Islamic Republic of",0.35,0.35,0.0,5.49,0.75,4.55,1.31,190.41,17684.37,C,0.09857205559867456
14,Soymilk,milks,1020,Soybeans,Switzerland,0.51,0.51,0.0,4.01,0.86,4.03,4.2,1.22,1.0,C,13.8092124861102
14,Soymilk,milks,1021,Soybeans,Switzerland,0.54,0.54,0.0,4.26,0.83,3.75,4.28,1.22,1.0,O,13.8092124861102
14,Soymilk,milks,1033,Soybeans,United States,0.72,0.72,0.0,2.34,0.76,3.38,1.27,1.22,11.61,C,33.24034066331749
14,Soymilk,milks,1036,Soybeans,United States,0.92,0.92,0.0,3.02,0.75,3.45,1.72,1.22,11.61,C,14.97312642491779
14,Soymilk,milks,1037,Soybeans,United States,0.93,0.93,0.0,3.05,0.77,3.30,1.71,1.22,11.61,O,0.5989250569967116
15,Tofu,protein_rich,1043,Soybeans,Argentina,3.25,3.25,0.0,28.1,3.65,8.83,2.93,6.61,32.44,C,4.95828667968664
15,Tofu,protein_rich,1053,Soybeans,Brazil,1.53,1.53,0.0,28.9,4.78,12.37,7.98,6.61,12.43,C,1.4474456010927517
15,Tofu,protein_rich,1054,Soybeans,Brazil,1.69,1.69,0.0,21.3,4.64,10.34,8.09,6.61,12.43,C,1.176049550887861
15,Tofu,protein_rich,1058,Soybeans,Brazil,1.91,1.91,0.0,117.22,4.74,9.09,7.93,6.61,12.43,C,0.3920165169626203
15,Tofu,protein_rich,1059,Soybeans,Brazil,3.12,3.12,0.0,39.4,1.9,9.24,8.4,6.61,12.43,C,1.176049550887861
15,Tofu,protein_rich,1060,Soybeans,Brazil,1.51,1.51,0.0,28.44,2.86,9.78,3.15,6.61,12.43,C,1.3871353677138871
15,Tofu,protein_rich,1062,Soybeans,Brazil,1.97,1.97,0.0,24.86,1.98,11.67,8.09,6.61,12.43,C,5.156524953892929
15,Tofu,protein_rich,1063,Soybeans,Brazil,1.83,1.83,0.0,35.53,2.4,13.04,7.91,6.61,12.43,C,2.7742707354277742
15,Tofu,protein_rich,1064,Soybeans,Brazil,2.44,2.44,0.0,46.03,5.44,9.68,6.14,6.61,12.43,C,2.020392818191966
15,Tofu,protein_rich,1065,Soybeans,Brazil,2.08,2.08,0.0,39.22,4.87,9.24,5.9,6.61,12.43,C,1.4474456010927517
15,Tofu,protein_rich,1066,Soybeans,Brazil,1.57,1.57,0.0,29.55,4.06,9.08,5.8,6.61,12.43,C,1.3871353677138871
15,Tofu,protein_rich,1095,Soybeans,"Iran, Islamic Republic of",1.94,1.94,0.0,30.59,2.3,17.43,7.26,1123.97,104435.41,C,0.04928602779933728
15,Tofu,protein_rich,1096,Soybeans,"Iran, Islamic Republic of",1.8,1.8,0.0,28.39,2.19,12.98,6.09,948.67,88093.2,C,0.04928602779933728
15,Tofu,protein_rich,1097,Soybeans,"Iran, Islamic Republic of",1.87,1.87,0.0,29.49,2.16,12.97,6.04,908.91,84386.55,C,0.04928602779933728
15,Tofu,protein_rich,1098,Soybeans,"Iran, Islamic Republic of",1.87,1.87,0.0,29.5,1.96,16.17,7.2,1023.6,95078.03,C,0.09857205559867456
15,Tofu,protein_rich,1115,Soybeans,Switzerland,2.72,2.72,0.0,21.55,2.54,13.49,22.71,6.34,5.2,C,13.8092124861102
15,Tofu,protein_rich,1116,Soybeans,Switzerland,2.89,2.89,0.0,22.89,2.41,11.97,23.12,6.34,5.2,O,13.8092124861102
15,Tofu,protein_rich,1128,Soybeans,United States,3.85,3.85,0.0,12.6,2.0,9.98,6.91,6.34,60.29,C,33.24034066331749
15,Tofu,protein_rich,1131,Soybeans,United States,4.95,4.95,0.0,16.21,1.98,10.38,9.37,6.34,60.29,C,14.97312642491779
15,Tofu,protein_rich,1132,Soybeans,United States,5.01,5.01,0.0,16.42,2.05,9.58,9.3,6.34,60.29,O,0.5989250569967116
16,Soybean Oil,oils,1136,Soybean oil,Argentina,9.25,9.25,0.0,79.98,7.72,15.19,2.61,1.58,7.77,C,1.3220327103496932
16,Soybean Oil,oils,1139,Soybean oil,Brazil,5.26,5.26,0.0,323.51,2.87,18.05,16.24,1.58,2.98,C,11.696516490726188
16,Soybean Oil,oils,1140,Soybean oil,Brazil,11.76,11.76,0.0,723.04,21.31,15.03,20.25,1.58,2.98,C,1.4559979034098987
16,Soybean Oil,oils,1143,Soybean oil,United States,11.09,11.09,0.0,36.35,2.87,12.32,6.51,44.3,1575.31,C,0.2853982304509275
16,Soybean Oil,oils,1155,Soybeans,Brazil,4.42,4.42,0.0,83.42,10.95,21.56,17.21,1.58,2.98,C,2.135463591667851
16,Soybean Oil,oils,1156,Soybeans,Brazil,4.87,4.87,0.0,61.48,10.53,15.70,17.53,1.58,2.98,C,1.7471974840918783
16,Soybean Oil,oils,1160,Soybeans,Brazil,5.5,5.5,0.0,338.32,10.83,12.10,17.07,1.58,2.98,C,0.5823991613639595
16,Soybean Oil,oils,1161,Soybeans,Brazil,9.01,9.01,0.0,113.7,2.29,12.55,18.42,1.58,2.98,C,1.7471974840918783
16,Soybean Oil,oils,1162,Soybeans,Brazil,4.35,4.35,0.0,82.07,5.41,14.09,3.26,1.58,2.98,C,2.0383970647738576
16,Soybean Oil,oils,1163,Soybeans,Brazil,7.04,7.04,0.0,132.86,12.83,13.80,11.89,1.58,2.98,C,3.00906233371379
16,Soybean Oil,oils,1164,Soybeans,Brazil,6.0,6.0,0.0,113.19,11.19,12.53,11.2,1.58,2.98,C,2.135463591667851
16,Soybean Oil,oils,1165,Soybeans,Brazil,4.52,4.52,0.0,85.28,8.86,12.08,10.9,1.58,2.98,C,2.0383970647738576
16,Soybean Oil,oils,1213,Soybeans,Switzerland,7.85,7.85,0.0,62.19,4.57,25.39,59.93,1.52,1.25,C,7.21961009071923
16,Soybean Oil,oils,1214,Soybeans,Switzerland,8.33,8.33,0.0,66.05,4.2,21.01,61.13,1.52,1.25,O,7.21961009071923
16,Soybean Oil,oils,1226,Soybeans,United States,11.1,11.1,0.0,36.38,3.01,15.25,14.35,1.52,14.44,C,28.825221275543672
16,Soybean Oil,oils,1228,Soybeans,United States,14.28,14.28,0.0,46.79,2.97,16.41,21.46,1.52,14.44,C,25.971238971034396
16,Soybean Oil,oils,1229,Soybeans,United States,14.46,14.46,0.0,47.4,3.17,14.09,21.25,1.52,14.44,O,0.570796460901855
17,Palm Oil,oils,1241,Palm oil,Malaysia,2.59,2.59,0.0,272.04,7.34,18.12,17.1,7.41,6.01,C,5.655270687251397
17,Palm Oil,oils,1242,Palm oil,Malaysia,2.38,2.38,0.0,257.78,5.45,17.74,10.29,6.39,3.75,C,5.655270687251397
17,Palm Oil,oils,1243,Palm oil,Malaysia,2.38,2.38,0.0,257.78,3.55,17.86,5.49,6.39,3.75,C,1.5097781472752594
17,Palm Oil,oils,1245,Palm oil,Malaysia,2.57,2.57,0.0,278.3,4.69,15.73,6.66,6.39,3.75,C,5.655270687251397
17,Palm Oil,oils,1251,Palm fruit,Brazil,2.6,2.6,0.0,198.66,5.13,10.16,5.36,6.47,12.05,C,76.171338591464
17,Palm Oil,oils,1252,Palm fruit,Indonesia,2.02,2.02,0.0,804.79,9.0,15.84,16.3,6.39,67.22,C,5.353071199506537
18,Sunflower Oil,oils,1263,Sunflower oil,Italy,13.3,13.3,0.0,190.27,4.52,-,27.4,2.87,50.96,C,0.4767243626553524
18,Sunflower Oil,oils,1264,Sunflower oil,Italy,9.86,9.86,0.0,141.01,3.35,-,19.91,2.87,50.96,C,0.4767243626553524
18,Sunflower Oil,oils,1265,Sunflower oil,Portugal,6.33,6.33,0.0,114.69,2.14,12.55,9.83,2461.45,125503.66,C,0.532756654751592
18,Sunflower Oil,oils,1266,Sunflower oil,Portugal,6.54,6.54,0.0,118.53,2.64,18.41,15.26,1132.09,57667.31,C,0.532756654751592
18,Sunflower Oil,oils,1267,Sunflower oil,Portugal,6.54,6.54,0.0,118.51,2.46,13.70,11.07,1696.42,86464.91,C,0.532756654751592
18,Sunflower Oil,oils,1268,Sunflower oil,Portugal,29.18,29.18,0.0,529.03,3.16,9.19,10.79,2.87,44.0,C,0.532756654751592
18,Sunflower Oil,oils,1269,Sunflower oil,Portugal,23.68,23.68,0.0,429.26,2.9,9.29,9.74,2.87,44.0,C,0.532756654751592
18,Sunflower Oil,oils,1270,Sunflower oil,Portugal,17.74,17.74,0.0,321.54,2.65,8.71,8.31,2.87,44.0,C,0.532756654751592
18,Sunflower Oil,oils,1273,Sunflower oil,Spain,19.29,19.29,0.0,282.37,3.41,14.32,175.69,6.06,190.99,C,31.370231964528895
18,Sunflower Oil,oils,1276,Sunflower seeds,Brazil,7.31,7.31,0.0,163.59,7.73,48.09,7.55,2.99,5.63,C,0.688666297091263
18,Sunflower Oil,oils,1277,Sunflower seeds,Chile,19.5,19.5,0.0,121.46,4.48,61.58,21.68,5977.16,519840.66,C,0.025042410803318656
18,Sunflower Oil,oils,1279,Sunflower seeds,France,6.43,6.43,0.0,8.74,2.23,16.13,27.65,2.87,6.64,C,4.475854521126168
18,Sunflower Oil,oils,1280,Sunflower seeds,France,8.63,8.63,0.0,11.74,2.48,18.12,52.63,2.87,6.64,C,4.475854521126168
18,Sunflower Oil,oils,1281,Sunflower seeds,France,10.06,10.06,0.0,34.49,2.64,17.52,16.09,22.31,167.75,C,4.475854521126168
18,Sunflower Oil,oils,1282,Sunflower seeds,France,8.69,8.69,0.0,29.8,3.56,16.00,17.37,2.87,6.64,C,4.475854521126168
18,Sunflower Oil,oils,1284,Sunflower seeds,Germany,10.81,10.81,0.0,14.3,2.6,25.05,11.22,2.87,3.56,O,0.09534487253107049
18,Sunflower Oil,oils,1285,Sunflower seeds,Italy,6.59,6.59,0.0,94.22,4.1,9.91,24.61,724.63,3518.71,C,0.4767243626553524
18,Sunflower Oil,oils,1286,Sunflower seeds,Italy,9.66,9.66,0.0,138.19,2.86,15.11,15.85,15.88,751.97,C,0.4767243626553524
18,Sunflower Oil,oils,1287,Sunflower seeds,Italy,15.79,15.79,0.0,225.85,4.29,54.70,33.16,15.63,738.36,C,0.4767243626553524
18,Sunflower Oil,oils,1288,Sunflower seeds,Italy,14.2,14.2,0.0,203.06,3.38,33.74,22.29,16.25,772.01,C,0.4767243626553524
18,Sunflower Oil,oils,1289,Sunflower seeds,Italy,6.76,6.76,0.0,96.61,2.84,14.68,14.76,15.15,712.58,C,0.4767243626553524
18,Sunflower Oil,oils,1290,Sunflower seeds,Italy,10.52,10.52,0.0,150.47,3.87,47.68,28.53,15.62,737.9,C,0.4767243626553524
18,Sunflower Oil,oils,1291,Sunflower seeds,Spain,27.04,27.04,0.0,417.97,3.67,13.79,94.63,5.03,231.41,C,31.370231964528895
18,Sunflower Oil,oils,1292,Sunflower seeds,Switzerland,7.91,7.91,0.0,62.74,3.8,22.33,49.72,2.87,2.36,C,11.536729576259528
19,Rapeseed Oil,oils,1294,Canola oil,Australia,21.04,21.04,0.0,145.61,1.95,63.97,9.18,1.43,36.48,C,0.10132771034933237
19,Rapeseed Oil,oils,1295,Canola oil,Australia,24.84,24.84,0.0,662.31,2.39,34.80,10.88,1.43,36.48,C,0.036650448424226614
19,Rapeseed Oil,oils,1296,Rapeseed oil,Australia,46.91,46.91,0.0,1250.73,7.83,23.19,3.33,11.65,169.91,C,0.036650448424226614
19,Rapeseed Oil,oils,1297,Canola oil,Australia,20.79,20.79,0.0,608.37,3.88,-,11.47,1.43,36.48,C,0.036650448424226614
19,Rapeseed Oil,oils,1312,Canola,Australia,25.03,25.03,0.0,732.65,2.12,-,14.5,1.43,36.48,C,0.036650448424226614
19,Rapeseed Oil,oils,1323,Rapeseed,Chile,10.85,10.85,0.0,68.44,2.76,46.18,15.95,1.49,58.66,C,99.06800024136606
19,Rapeseed Oil,oils,1354,Rapeseed,Poland,6.99,6.99,0.0,14.07,3.92,30.39,8.64,1.43,2.78,C,0.6840702545877043
20,Olive Oil,oils,1373,Extra virgin olive oil,Greece,14.78,14.78,0.0,823.06,3.35,33.92,37.45,390.1,31082.73,C,13.905386513192955
20,Olive Oil,oils,1374,Extra virgin olive oil,Greece,18.39,18.39,0.0,1024.02,5.35,45.81,39.86,317.87,24395.66,C,13.905386513192955
20,Olive Oil,oils,1375,Olive oil,"Iran, Islamic Republic of",20.08,20.08,0.0,541.58,3.32,111.78,63.74,2360.56,71851.91,C,0.9318250724404366
20,Olive Oil,oils,1376,Extra virgin olive oil,Italy,22.61,22.61,0.0,905.71,1.89,9.83,17.09,3.21,130.32,C,5.075103750254577
20,Olive Oil,oils,1377,Extra virgin olive oil,Italy,12.75,12.75,0.0,649.41,2.87,20.07,5.87,591.34,50637.01,C,5.075103750254577
20,Olive Oil,oils,1378,Extra virgin olive oil,Italy,24.37,24.37,0.0,976.12,4.79,64.57,21.25,171.98,2833.17,C,4.489514855994433
20,Olive Oil,oils,1380,"Extra virgin olive oil (""GranFruttato"")",Italy,9.24,9.24,0.0,470.76,2.18,11.39,3.21,6131.72,476013.48,C,5.075103750254577
20,Olive Oil,oils,1382,Virgin olive oil,Portugal,30.4,30.4,0.0,1095.84,5.25,40.65,39.24,8.51,130.37,C,20.168808976142927
20,Olive Oil,oils,1383,Virgin olive oil,Portugal,36.32,36.32,0.0,1309.32,10.71,59.90,53.03,8.51,130.37,C,15.711613622299188
20,Olive Oil,oils,1388,Olives,Greece,15.01,15.01,0.0,618.84,5.14,-,26.43,6589.34,532468.57,C,13.905386513192955
20,Olive Oil,oils,1389,Olives,Italy,6.72,6.72,0.0,342.38,5.77,54.70,39.5,1132.3,97791.01,C,0.2927944471300718
20,Olive Oil,oils,1390,Olives,Italy,14.16,14.16,0.0,721.29,6.93,75.84,52.38,1408.25,121766.63,C,0.09759814904335726
20,Olive Oil,oils,1391,Olives,Italy,13.38,13.38,0.0,535.99,3.68,26.22,27.74,8.51,151.0,C,0.6831870433035008
20,Olive Oil,oils,1392,Olives,Italy,5.79,5.79,0.0,231.84,3.6,37.57,30.92,2166.25,172476.95,C,0.6831870433035008
21,Tomatoes,vegetables,1414,Tomatoes,China,0.21,0.21,0.0,0.86,0.45,5.99,1.97,71.64,6830.73,O,0.012718178504752098
21,Tomatoes,vegetables,1415,Tomatoes,China,0.21,0.21,0.0,0.86,0.43,5.98,1.92,71.1,6733.57,C,0.11242869798200855
21,Tomatoes,vegetables,1417,Tomatoes,China,0.18,0.18,0.0,0.85,0.73,4.28,2.04,83.35,2949.78,C,0.04629416975729763
21,Tomatoes,vegetables,1418,Tomatoes,Colombia,0.06,0.06,0.0,11.56,0.65,3.27,0.53,195.95,91.7,C,99.25001714756554
21,Tomatoes,vegetables,1433,Tomatoes,Italy,0.13,0.13,0.0,1.82,0.88,3.12,1.69,43.95,2131.56,C,0.06401254227943554
21,Tomatoes,vegetables,1434,Tomatoes,Italy,0.16,0.16,0.0,0.54,0.6,2.99,0.61,93.64,270.4,O,0.06401254227943554
21,Tomatoes,vegetables,1435,Tomatoes,Italy,0.17,0.17,0.0,3.75,1.0,4.29,1.29,32.64,2815.46,C,0.06401254227943554
21,Tomatoes,vegetables,1445,Tomatoes,Spain,0.12,0.12,0.0,1.59,0.87,4.61,1.55,73.07,5056.52,C,0.05270511536619478
21,Tomatoes,vegetables,1446,Tomatoes,Spain,0.12,0.12,0.0,1.55,0.71,3.67,0.62,68.96,4771.68,C,0.05270511536619478
21,Tomatoes,vegetables,1447,Tomatoes,Spain,0.08,0.08,0.0,1.04,0.74,3.84,1.12,40.99,2836.09,C,0.017568371788731597
21,Tomatoes,vegetables,1448,Tomatoes,Spain,0.07,0.07,0.0,1.0,0.7,3.72,0.76,50.06,3464.25,C,0.017568371788731597
21,Tomatoes,vegetables,1449,Tomatoes,Spain,0.07,0.07,0.0,0.97,0.72,3.81,0.68,71.82,4969.5,C,0.05270511536619478
21,Tomatoes,vegetables,1450,Tomatoes,Spain,0.07,0.07,0.0,0.96,0.9,4.75,1.63,71.46,4944.5,C,0.05270511536619478
21,Tomatoes,vegetables,1451,Tomatoes,Spain,0.14,0.14,0.0,1.85,0.58,3.37,0.53,60.57,4190.94,C,0.05270511536619478
21,Tomatoes,vegetables,1452,Tomatoes,Spain,0.07,0.07,0.0,0.97,0.61,3.19,0.49,31.02,2146.8,C,0.017568371788731597
21,Tomatoes,vegetables,1455,Tomatoes (loose classic),Spain,0.07,0.07,0.0,1.27,0.82,3.80,0.93,36.83,3561.79,C,0.017568371788731597
21,Tomatoes,vegetables,1456,Tomatoes (vine),Spain,0.19,0.19,0.0,3.15,1.22,6.51,0.6,65.27,6347.58,C,0.017568371788731597
21,Tomatoes,vegetables,1457,Tomatoes (loose classic),Spain,0.13,0.13,0.0,2.15,0.86,5.02,0.59,46.07,4480.65,C,0.017568371788731597
21,Tomatoes,vegetables,1458,Tomatoes (baby plum),Spain,0.27,0.27,0.0,4.49,3.67,11.32,0.83,89.58,8712.37,C,0.017568371788731597
22,Onions & Leeks,vegetables,1478,Onions,Australia,0.28,0.28,0.0,2.65,0.35,2.70,1.0,58.18,121.24,C,0.2971952358696225
22,Onions & Leeks,vegetables,1479,Leeks,Belgium,0.31,0.31,0.0,0.5,0.35,2.79,1.05,61.53,140.53,C,0.39626031449282995
22,Onions & Leeks,vegetables,1480,Leeks,Belgium,0.43,0.43,0.0,0.69,0.29,2.71,1.07,61.5,140.48,O,0.39626031449282995
22,Onions & Leeks,vegetables,1481,Onions,China,0.3,0.3,0.0,2.06,0.36,3.08,1.57,1.06,48.25,C,50.622255176459014
22,Onions & Leeks,vegetables,1485,Onions,Denmark,0.37,0.37,0.0,0.57,0.7,3.86,1.98,31.43,103.03,C,0.39626031449282995
22,Onions & Leeks,vegetables,1486,Onions,India,0.62,0.62,0.0,12.16,0.77,4.78,7.44,1.91,57.03,C,31.7998902380496
22,Onions & Leeks,vegetables,1491,Onions,Netherlands,0.3,0.3,0.0,0.5,0.33,2.93,1.52,0.62,0.94,C,1.7274420057781896
22,Onions & Leeks,vegetables,1492,Onions,New Zealand,0.5,0.5,0.0,9.63,0.37,3.12,4.12,0.7,8.5,C,0.2971952358696225
22,Onions & Leeks,vegetables,1494,Onions,Spain,0.1,0.1,0.0,1.41,0.42,3.49,0.98,72.36,5007.27,C,6.142034874638862
22,Onions & Leeks,vegetables,1495,Onions,Spain,0.1,0.1,0.0,1.43,0.61,4.61,2.01,75.47,5222.18,C,6.142034874638862
22,Onions & Leeks,vegetables,1499,Onions,Switzerland,0.35,0.35,0.0,2.96,0.33,3.55,6.22,1.54,2.73,C,0.5943904717392448
22,Onions & Leeks,vegetables,1500,Onions,United Kingdom,0.34,0.34,0.0,0.5,0.32,2.45,0.66,17.51,80.68,C,1.18878094347849
23,Root Vegetables,vegetables,1509,Carrots,Denmark,0.19,0.19,0.0,0.29,0.37,3.32,0.67,16.28,53.37,C,4.837117472852911
23,Root Vegetables,vegetables,1510,Carrots,Denmark,0.22,0.22,0.0,0.33,0.4,3.03,0.65,16.28,53.37,C,4.837117472852911
23,Root Vegetables,vegetables,1511,Carrots,Denmark,0.23,0.23,0.0,0.35,0.47,4.26,2.23,19.0,62.26,O,0.29615004935834155
23,Root Vegetables,vegetables,1512,Carrots,Denmark,0.3,0.3,0.0,0.46,0.52,4.22,1.26,25.08,82.19,O,0.29615004935834155
23,Root Vegetables,vegetables,1513,Carrots,Denmark,0.25,0.25,0.0,0.39,0.49,4.00,2.36,19.0,62.26,O,0.29615004935834155
23,Root Vegetables,vegetables,1514,Carrots,France,0.27,0.27,0.0,0.49,0.29,2.92,0.98,7.65,27.59,O,16.880552813425467
23,Root Vegetables,vegetables,1515,Carrots,France,0.2,0.2,0.0,0.37,0.3,3.27,1.31,10.5,37.89,C,8.39091806515301
23,Root Vegetables,vegetables,1516,Carrots,France,0.18,0.18,0.0,0.34,0.29,3.05,1.05,62.48,429.27,C,31.688055281342542
23,Root Vegetables,vegetables,1529,Carrots,Sweden,0.25,0.25,0.0,0.43,0.27,3.21,0.78,0.0,0.0,C,1.678183613030602
23,Root Vegetables,vegetables,1530,Carrots,Switzerland,0.28,0.28,0.0,2.4,0.31,2.91,2.46,20.49,36.36,C,6.219151036525171
23,Root Vegetables,vegetables,1531,Carrots,Switzerland,0.31,0.31,0.0,2.67,0.3,2.96,2.84,22.91,40.66,O,0.7897334649555773
23,Root Vegetables,vegetables,1532,Carrots,United Kingdom,0.19,0.19,0.0,0.27,0.27,2.35,0.49,9.89,45.58,C,15.893385982230996
23,Root Vegetables,vegetables,1533,Celeriac,United Kingdom,2.41,2.41,0.0,3.2,1.47,-,9.89,0.0,0.0,C,7.502467917077984
23,Root Vegetables,vegetables,1534,Celeriac,United Kingdom,1.14,1.14,0.0,1.51,0.38,-,2.03,0.0,0.0,O,0.3948667324777887
24,Brassicas,vegetables,1539,Broccoli,Australia,1.06,1.06,0.0,9.74,0.47,3.52,1.62,259.32,540.36,C,0.39603960396039606
24,Brassicas,vegetables,1543,Pakchoi,China,0.77,0.77,0.0,3.62,0.93,9.62,6.64,148.78,5265.52,C,43.663366336633665
24,Brassicas,vegetables,1549,Cauliflower,Spain,0.27,0.27,0.0,3.9,0.63,3.81,0.94,191.72,13266.69,C,5.544554455445544
24,Brassicas,vegetables,1550,Cauliflower,Spain,0.3,0.3,0.0,4.28,0.83,4.86,2.09,200.64,13883.67,C,5.544554455445544
24,Brassicas,vegetables,1551,Broccoli,Spain,0.42,0.42,0.0,7.49,0.82,8.08,2.59,380.28,37922.84,C,5.544554455445544
24,Brassicas,vegetables,1552,Broccoli,Spain,0.64,0.64,0.0,10.89,0.97,7.30,1.55,253.15,19799.1,C,5.544554455445544
24,Brassicas,vegetables,1553,Broccoli,Spain,0.72,0.72,0.0,12.3,1.45,10.61,2.72,201.97,15929.92,C,5.544554455445544
24,Brassicas,vegetables,1557,Cabbage,Switzerland,0.16,0.16,0.0,1.38,0.28,1.93,2.73,7.86,13.95,C,0.594059405940594
24,Brassicas,vegetables,1558,Cabbage,Switzerland,0.18,0.18,0.0,1.56,0.25,2.40,2.5,8.99,15.96,O,0.19801980198019803
24,Brassicas,vegetables,1561,Savoy cabbage,United Kingdom,1.15,1.15,0.0,1.53,0.76,-,3.92,0.0,0.0,C,4.059405940594059
24,Brassicas,vegetables,1562,Savoy cabbage,United Kingdom,4.01,4.01,0.0,5.33,0.65,-,3.12,0.0,0.0,O,0.29702970297029707
24,Brassicas,vegetables,1563,Cauliflower,United Kingdom,1.07,1.07,0.0,1.56,0.61,1.97,1.07,53.41,246.13,C,0.9900990099009901
24,Brassicas,vegetables,1564,Broccoli,United Kingdom,0.61,0.61,0.0,0.88,0.74,4.11,1.22,6.09,26.31,C,0.9900990099009901
24,Brassicas,vegetables,1565,Broccoli,United Kingdom,0.89,0.89,0.0,1.3,0.81,4.26,1.58,4.31,18.09,C,0.9900990099009901
24,Brassicas,vegetables,1566,Broccoli,United States,2.3,2.3,0.0,46.12,0.73,5.67,1.94,641.65,60922.85,C,19.900990099009903
24,Brassicas,vegetables,1567,Broccoli,United States,2.36,2.36,0.0,47.18,0.8,2.98,1.21,656.46,62328.7,O,0.19801980198019803
25,Other Vegetables,vegetables,1583,Pumpkins,United States,1.07,1.07,0.0,10.3,0.4,3.64,4.92,74.91,899.6,C,15.53784860557769
25,Other Vegetables,vegetables,1620,Lettuce,United States,0.45,0.45,0.0,3.29,1.0,3.28,0.88,247.47,14549.73,C,27.888446215139446
25,Other Vegetables,vegetables,1621,Lettuce,United States,0.48,0.48,0.0,3.88,1.13,-,1.22,390.48,11097.2,C,27.888446215139446
25,Other Vegetables,vegetables,1622,Iceberg lettuce,United States,1.05,1.05,0.0,21.09,0.64,4.45,1.23,146.68,13926.58,C,27.888446215139446
25,Other Vegetables,vegetables,1623,Lettuce,United States,1.8,1.8,0.0,35.99,0.77,3.65,1.15,283.71,26937.11,O,0.7968127490039842
26,Citrus Fruit,fruit,1634,Oranges,Brazil,1.02,1.02,0.0,16.6,0.33,2.00,0.25,0.0,0.0,O,5.942005180607662
26,Citrus Fruit,fruit,1635,Oranges,Brazil,0.81,0.81,0.0,13.28,0.38,2.29,0.28,41.42,25.25,O,4.159403626425363
26,Citrus Fruit,fruit,1636,Oranges,Brazil,0.93,0.93,0.0,15.09,0.38,2.85,0.35,0.0,0.0,C,89.42717796814532
26,Citrus Fruit,fruit,1654,Oranges,Spain,0.29,0.29,0.0,14.19,0.27,1.73,1.55,118.85,11330.54,C,0.09369703847387034
26,Citrus Fruit,fruit,1655,Oranges,Spain,0.39,0.39,0.0,18.97,0.36,3.08,0.81,175.53,17504.34,C,0.09369703847387034
26,Citrus Fruit,fruit,1656,Mandarin,Spain,0.42,0.42,0.0,20.23,0.4,3.50,0.96,185.34,18482.4,C,0.1346894928061886
26,Citrus Fruit,fruit,1657,Lemons,Spain,0.34,0.34,0.0,16.52,0.32,2.65,0.65,140.69,14030.09,C,0.04392048678462672
26,Citrus Fruit,fruit,1658,Citrus,Spain,0.43,0.43,0.0,21.03,0.58,3.83,2.1,116.8,11135.22,C,0.09369703847387034
26,Citrus Fruit,fruit,1659,Citrus,Spain,0.79,0.79,0.0,38.28,0.32,3.97,2.27,116.8,11135.26,O,0.011712129809233793
27,Bananas,fruit,1664,Bananas,Australia,0.26,0.26,0.0,3.44,0.86,5.85,2.52,159.96,219.14,C,1.4807502467917077
27,Bananas,fruit,1666,Bananas,Colombia,17.64,17.64,0.0,1764.08,0.75,7.31,3.51,1.94,1.07,C,5.429417571569594
27,Bananas,fruit,1668,Bananas,Costa Rica,0.41,0.41,0.0,46.94,0.86,-,6.77,51.52,38.21,C,3.5538005923000986
27,Bananas,fruit,1670,Bananas,Costa Rica,2.99,2.99,0.0,355.85,0.69,9.89,4.5,0.45,0.6,C,3.5538005923000986
27,Bananas,fruit,1672,Bananas,Ecuador,6.27,6.27,0.0,1471.83,0.54,5.95,7.12,0.0,0.0,O,0.6910167818361301
27,Bananas,fruit,1674,Bananas,Ecuador,0.51,0.51,0.0,32.3,1.26,4.83,1.87,376.17,236.91,C,5.528134254689041
27,Bananas,fruit,1681,Bananas,Ecuador,9.44,9.44,0.0,1419.31,0.77,6.24,2.8,0.53,2.44,C,5.528134254689041
27,Bananas,fruit,1682,Bananas,Guadeloupe,0.43,0.43,0.0,106.1,0.77,7.75,5.9,76.97,1213.1,C,8.489634748272456
27,Bananas,fruit,1683,Bananas,India,1.39,1.39,0.0,44.81,0.8,6.15,1.85,1.05,31.27,C,54.3928923988154
27,Bananas,fruit,1684,Bananas,Panama,2.2,2.2,0.0,228.86,1.62,13.77,37.37,830.94,349.21,C,1.7769002961500493
27,Bananas,fruit,1685,Bananas,Peru,0.74,0.74,0.0,60.77,0.49,3.36,1.54,0.0,0.0,O,0.49358341559723584
27,Bananas,fruit,1686,Bananas,Thailand,1.43,1.43,0.0,53.82,0.72,4.61,3.14,0.0,0.0,C,9.08193484698914
28,Apples,fruit,1687,Apples,Canada,0.6,0.6,0.0,1.84,0.44,3.64,0.72,0.0,0.0,C,32.76907958638607
28,Apples,fruit,1688,Apples,Canada,1.19,1.19,0.0,3.67,0.51,5.53,0.96,0.0,0.0,O,2.9790072351260064
28,Apples,fruit,1689,Apples,Chile,0.4,0.4,0.0,6.61,0.34,2.36,0.87,0.73,59.72,C,30.19069279258807
28,Apples,fruit,1690,Apples,China,0.99,0.99,0.0,9.86,0.55,4.19,2.0,1.72,78.34,C,3.6822168185841413
28,Apples,fruit,1696,Apples,France,0.34,0.34,0.0,14.55,0.22,1.48,0.44,49.49,51.19,C,0.14915486083876153
28,Apples,fruit,1697,Apples,France,0.38,0.38,0.0,16.15,0.23,1.49,0.49,49.48,51.18,C,0.14915486083876153
28,Apples,fruit,1698,Apples,France,0.42,0.42,0.0,17.99,0.23,1.51,0.55,49.47,51.17,C,0.14915486083876153
28,Apples,fruit,1699,Apples,France,0.39,0.39,0.0,16.47,0.23,1.52,0.47,49.5,51.2,C,0.14915486083876153
28,Apples,fruit,1700,Apples,France,0.34,0.34,0.0,14.52,0.22,1.47,0.27,49.5,51.2,C,0.14915486083876153
28,Apples,fruit,1701,Apples,France,0.47,0.47,0.0,20.1,0.24,1.55,0.61,49.46,51.16,C,0.14915486083876153
28,Apples,fruit,1702,Apples,France,0.86,0.86,0.0,36.73,0.31,2.54,0.46,49.49,51.19,O,0.014915486083876155
28,Apples,fruit,1703,Apples,France,0.56,0.56,0.0,24.03,0.25,2.01,0.34,49.46,51.16,O,0.014915486083876155
28,Apples,fruit,1704,Apples,France,0.91,0.91,0.0,38.86,0.31,2.45,0.45,49.48,51.18,O,0.014915486083876155
28,Apples,fruit,1705,Apples,France,0.28,0.28,0.0,0.98,0.3,2.44,0.62,0.0,0.0,C,0.14915486083876153
28,Apples,fruit,1706,Apples,France,0.35,0.35,0.0,1.04,0.3,2.11,0.36,39.25,63.65,C,0.14915486083876153
28,Apples,fruit,1707,Apples,France,0.37,0.37,0.0,1.1,0.38,3.31,0.74,39.68,64.34,C,0.14915486083876153
28,Apples,fruit,1708,Apples,France,0.31,0.31,0.0,2.89,0.26,1.92,0.56,21.48,178.03,C,0.14915486083876153
28,Apples,fruit,1709,Apples,France,0.32,0.32,0.0,3.01,0.26,1.89,0.59,22.66,187.86,C,0.16407034692263772
28,Apples,fruit,1710,Apples,France,0.64,0.64,0.0,5.94,0.33,2.56,1.2,44.11,365.63,O,0.014915486083876155
28,Apples,fruit,1711,Apples,Germany,0.42,0.42,0.0,1.22,0.37,2.51,0.56,14.12,13.13,C,0.30957651856977225
28,Apples,fruit,1712,Apples,Germany,0.9,0.9,0.0,2.6,0.55,4.28,1.12,14.09,13.09,O,0.02579804321414769
28,Apples,fruit,1713,Apples,Italy,0.56,0.56,0.0,3.44,0.48,2.33,0.46,107.33,309.92,C,0.3708817884767135
28,Apples,fruit,1714,Apples,Italy,0.61,0.61,0.0,3.74,0.47,2.35,0.45,107.3,309.83,C,0.3708817884767135
28,Apples,fruit,1715,Apples,Italy,0.7,0.7,0.0,4.3,0.48,2.32,0.46,107.28,309.78,C,0.3708817884767135
28,Apples,fruit,1716,Apples,Italy,0.31,0.31,0.0,1.93,0.3,2.28,0.47,107.31,309.87,C,0.3708817884767135
28,Apples,fruit,1717,Apples,Italy,0.53,0.53,0.0,3.29,0.35,2.73,0.67,107.29,309.82,O,0.22252907308602812
28,Apples,fruit,1718,Apples,Italy,0.39,0.39,0.0,14.92,0.29,2.00,0.37,0.67,32.36,C,0.3708817884767135
28,Apples,fruit,1719,Apples,Italy,0.28,0.28,0.0,1.73,0.3,3.06,0.9,354.87,1024.7,C,0.3708817884767135
28,Apples,fruit,1720,Apples,New Zealand,0.22,0.22,0.0,5.6,0.36,1.61,0.49,23.59,14.34,C,0.09870257352085059
28,Apples,fruit,1721,Apples,New Zealand,0.19,0.19,0.0,4.9,0.35,1.70,0.48,89.4,54.34,C,0.09870257352085059
28,Apples,fruit,1722,Apples,New Zealand,0.2,0.2,0.0,8.37,0.38,1.73,0.49,155.65,49.57,C,0.09870257352085059
28,Apples,fruit,1723,Apples,New Zealand,0.27,0.27,0.0,7.0,0.47,2.16,0.68,140.1,148.55,C,0.09870257352085059
28,Apples,fruit,1724,Apples,New Zealand,0.27,0.27,0.0,11.16,0.47,2.12,0.67,140.1,94.39,C,0.09870257352085059
28,Apples,fruit,1725,Apples,New Zealand,0.23,0.23,0.0,5.95,0.44,1.80,0.52,214.01,130.08,O,0.04935128676042529
28,Apples,fruit,1726,Apples,New Zealand,0.31,0.31,0.0,12.83,0.44,1.89,0.66,335.3,225.89,O,0.04935128676042529
28,Apples,fruit,1727,Apples,New Zealand,0.28,0.28,0.0,7.35,0.42,1.73,0.6,170.62,180.9,O,0.04935128676042529
28,Apples,fruit,1728,Apples,New Zealand,0.28,0.28,0.0,11.72,0.42,1.68,0.58,170.62,114.95,O,0.04935128676042529
28,Apples,fruit,1730,Apples,New Zealand,0.23,0.23,0.0,6.84,1.2,-,4.24,113.37,1378.08,C,0.09870257352085059
28,Apples,fruit,1735,Apples,Spain,0.62,0.62,0.0,31.26,0.43,3.17,0.73,185.94,16734.28,C,6.7876349527307775
28,Apples,fruit,1736,Apples,Spain,0.84,0.84,0.0,42.28,0.48,5.24,1.23,185.94,16733.69,O,0.6170577229755252
28,Apples,fruit,1737,Apples,Switzerland,0.52,0.52,0.0,1.54,0.38,2.57,0.6,1.99,1.85,C,0.01974901811559931
28,Apples,fruit,1738,Apples,Switzerland,0.72,0.72,0.0,2.16,0.44,3.91,0.97,1.98,1.84,O,0.01184941086935959
28,Apples,fruit,1739,Apples,Switzerland,0.43,0.43,0.0,6.8,0.34,2.12,0.2,0.0,0.0,C,0.01974901811559931
28,Apples,fruit,1741,Apples,United Kingdom,0.92,0.92,0.0,2.16,0.43,1.54,0.29,36.85,169.82,C,0.01184941086935959
28,Apples,fruit,1743,Apples,United Kingdom,0.48,0.48,0.0,1.12,0.44,2.37,0.48,13.38,61.65,C,0.01184941086935959
28,Apples,fruit,1747,Apples,United States,0.33,0.33,0.0,2.07,0.44,2.12,0.36,267.88,9774.34,C,4.328168595827057
28,Apples,fruit,1748,Apples,United States,0.35,0.35,0.0,2.2,0.33,2.19,0.74,0.72,26.4,C,4.328168595827057
28,Apples,fruit,1749,Apples,United States,1.42,1.42,0.0,12.62,0.57,4.66,1.52,0.0,0.0,C,4.328168595827057
28,Apples,fruit,1750,Apples,United States,0.91,0.91,0.0,14.02,0.56,3.91,1.16,347.98,1794.65,O,0.14924719295955372
28,Apples,fruit,1751,Apples,United States,0.31,0.31,0.0,18.57,0.35,3.12,0.68,256.87,18225.18,C,4.328168595827057
28,Apples,fruit,1752,Apples,United States,0.85,0.85,0.0,40.83,0.44,3.48,1.14,232.93,22115.68,O,0.14924719295955372
29,Berries & Grapes,fruit,1758,Strawberries,"Iran, Islamic Republic of",6.86,6.86,0.0,154.59,1.6,6.83,0.79,403.46,12264.55,C,56.83351918523479
29,Berries & Grapes,fruit,1759,Strawberries,"Iran, Islamic Republic of",0.23,0.23,0.0,5.12,1.69,6.70,0.97,765.52,23270.86,C,23.987527361894198
29,Berries & Grapes,fruit,1763,Raspberries,Spain,1.59,1.59,0.0,66.92,8.3,11.64,5.69,108.93,8619.34,C,1.1286401170629776
29,Berries & Grapes,fruit,1765,Strawberries,Spain,0.36,0.36,0.0,5.37,1.04,8.14,17.42,157.29,13440.59,C,14.467114227807256
29,Berries & Grapes,fruit,1768,Strawberries,United Kingdom,0.73,0.73,0.0,1.0,1.79,2.84,0.56,172.04,792.75,C,0.7962664684446206
29,Berries & Grapes,fruit,1769,Raspberries,United Kingdom,1.52,1.52,0.0,3.55,8.41,3.71,4.56,10.95,50.46,C,1.9906661711115516
29,Berries & Grapes,fruit,1770,Strawberries,United Kingdom,0.71,0.71,0.0,0.97,1.21,8.55,3.07,145.21,669.12,C,0.7962664684446206
30,Wine,alcohols,1793,Wine,Canada,3.03,3.03,0.0,9.19,3.11,35.68,10.06,1.67,4.37,C,0.5724619107268663
30,Wine,alcohols,1794,Wine grapes,France,1.85,1.85,0.0,76.53,1.51,10.73,5.19,2.92,38.17,O,0.3061701970221429
30,Wine,alcohols,1795,Wine grapes,France,2.41,2.41,0.0,6.94,1.99,14.40,5.77,4.97,7.23,O,0.15308509851107144
30,Wine,alcohols,1796,Wine grapes,France,2.31,2.31,0.0,6.66,1.89,13.35,5.37,4.84,7.1,C,0.2336562029905827
30,Wine,alcohols,1797,Wine grapes,France,1.72,1.72,0.0,71.06,1.56,10.87,5.38,2.82,35.55,C,1.0554814686815976
30,Wine,alcohols,1799,Wine grapes,Italy,1.84,1.84,0.0,77.1,1.83,11.75,4.05,2.93,52.08,C,0.1611909633614095
30,Wine,alcohols,1800,Wine grapes,Italy,2.36,2.36,0.0,99.13,2.16,13.00,4.63,3.31,58.67,C,0.1611909633614095
30,Wine,alcohols,1806,Red wine,Italy,1.89,1.89,0.0,100.67,1.42,10.33,3.83,1.63,28.99,O,0.5440195013447573
30,Wine,alcohols,1808,Wine,Italy,2.09,2.09,0.0,111.7,1.67,10.55,2.85,7.17,526.55,O,0.20148870420176193
30,Wine,alcohols,1809,Wine,Italy,1.72,1.72,0.0,91.92,1.57,9.95,2.68,6.2,438.95,O,0.20148870420176193
30,Wine,alcohols,1810,Wine,Italy,2.19,2.19,0.0,117.04,1.67,10.70,2.9,5.59,384.64,C,0.9872946505886333
30,Wine,alcohols,1811,Wine,Italy,1.9,1.9,0.0,101.2,1.63,10.33,2.78,6.16,435.45,C,0.9872946505886333
30,Wine,alcohols,1812,White wine,Italy,1.69,1.69,0.0,89.89,1.75,14.57,1.8,220.25,21483.57,C,0.5440195013447573
30,Wine,alcohols,1813,Red wine,Italy,2.29,2.29,0.0,96.11,1.21,12.66,4.15,1.63,28.99,O,0.22163757462193812
30,Wine,alcohols,1814,White wine,Portugal,1.64,1.64,0.0,7.86,4.7,24.01,12.43,3.63,115.17,C,0.44202532647934095
30,Wine,alcohols,1818,Red wine,Spain,3.48,3.48,0.0,145.33,1.65,11.11,0.45,15.24,1486.14,C,13.699124763677501
30,Wine,alcohols,1819,Wine,Spain,2.2,2.2,0.0,10.61,4.67,32.35,10.3,14.97,413.87,C,13.699124763677501
30,Wine,alcohols,1820,Wine,Spain,1.37,1.37,0.0,6.6,1.81,13.21,4.16,4.53,60.4,C,13.699124763677501
30,Wine,alcohols,1821,Wine,Spain,3.74,3.74,0.0,18.0,1.28,8.04,2.2,2.48,53.73,O,3.6186367300280193
30,Wine,alcohols,1822,Wine,Spain,2.74,2.74,0.0,13.22,1.31,9.18,2.31,2.87,54.8,C,13.699124763677501
30,Wine,alcohols,1823,Wine,Spain,1.61,1.61,0.0,7.75,1.61,13.66,4.93,3.14,55.53,C,13.699124763677501
30,Wine,alcohols,1824,Red wine,Switzerland,2.26,2.26,0.0,6.58,1.15,6.85,3.97,1.63,1.34,O,9.784270081397853e-05
30,Wine,alcohols,1825,Red wine,Switzerland,2.36,2.36,0.0,6.87,1.16,6.58,4.39,1.63,1.34,O,9.784270081397853e-05
30,Wine,alcohols,1826,White wine,Switzerland,2.26,2.26,0.0,6.58,1.02,6.24,3.76,1.63,1.34,O,9.784270081397853e-05
30,Wine,alcohols,1827,White wine,Switzerland,1.44,1.44,0.0,4.2,1.11,6.24,4.64,1.63,1.34,O,9.784270081397853e-05
30,Wine,alcohols,1828,Red wine,Switzerland,2.44,2.44,0.0,7.09,1.41,9.96,6.08,1.63,1.34,O,9.784270081397853e-05
30,Wine,alcohols,1829,Red wine,Switzerland,2.93,2.93,0.0,8.54,1.36,9.43,5.7,1.63,1.34,O,9.784270081397853e-05
30,Wine,alcohols,1830,White wine,Switzerland,1.91,1.91,0.0,5.55,1.32,9.50,5.39,1.63,1.34,O,9.784270081397853e-05
30,Wine,alcohols,1831,Red wine,Switzerland,1.91,1.91,0.0,5.55,1.14,7.86,4.41,1.63,1.34,O,9.784270081397853e-05
30,Wine,alcohols,1832,White wine,Switzerland,1.46,1.46,0.0,4.26,0.99,6.97,3.56,1.63,1.34,O,9.784270081397853e-05
30,Wine,alcohols,1833,White wine,Switzerland,1.81,1.81,0.0,5.28,1.01,7.12,4.02,1.63,1.34,O,9.784270081397853e-05
30,Wine,alcohols,1834,Red wine,Switzerland,1.85,1.85,0.0,5.38,1.38,8.84,4.94,30.49,28.17,O,9.784270081397853e-05
30,Wine,alcohols,1835,Red wine,Switzerland,4.01,4.01,0.0,11.65,1.59,9.08,7.06,64.11,59.42,O,9.784270081397853e-05
30,Wine,alcohols,1836,White wine,Switzerland,2.47,2.47,0.0,7.18,1.45,8.74,5.46,1.63,1.34,O,9.784270081397853e-05
30,Wine,alcohols,1837,White wine,Switzerland,2.0,2.0,0.0,5.83,1.28,8.17,4.6,1.63,1.34,O,9.784270081397853e-05
30,Wine,alcohols,1838,Red wine,Switzerland,2.51,2.51,0.0,7.3,1.89,9.31,6.22,1.63,1.34,C,0.00019568540162795707
30,Wine,alcohols,1839,Red wine,Switzerland,2.59,2.59,0.0,7.54,1.82,8.79,5.86,1.63,1.34,C,0.00019568540162795707
30,Wine,alcohols,1840,White wine,Switzerland,1.85,1.85,0.0,5.38,1.71,8.40,5.05,1.63,1.34,C,0.00019568540162795707
30,Wine,alcohols,1841,White wine,Switzerland,2.74,2.74,0.0,7.97,1.94,9.32,6.6,1.63,1.34,C,0.00019568540162795707
30,Wine,alcohols,1842,Red wine,Switzerland,2.78,2.78,0.0,8.07,2.08,12.81,7.27,1.63,1.34,C,0.00019568540162795707
30,Wine,alcohols,1843,White wine,Switzerland,1.83,1.83,0.0,5.33,1.93,12.06,6.49,5.72,5.14,C,0.00019568540162795707
30,Wine,alcohols,1844,Red wine,Switzerland,2.77,2.77,0.0,8.06,1.65,7.27,5.74,1.63,1.34,C,0.00019568540162795707
30,Wine,alcohols,1845,White wine,Switzerland,1.45,1.45,0.0,4.21,1.27,5.61,3.53,1.63,1.34,C,0.00019568540162795707
30,Wine,alcohols,1846,Red wine,Switzerland,2.03,2.03,0.0,5.92,1.58,7.98,5.56,1.63,1.34,C,0.00019568540162795707
30,Wine,alcohols,1847,White wine,Switzerland,1.53,1.53,0.0,4.44,1.49,7.62,4.81,1.63,1.34,C,0.00019568540162795707
30,Wine,alcohols,1848,Wine grapes,United States,1.26,1.26,0.0,18.82,1.14,10.78,3.48,336.19,1741.11,C,9.9777296608959
30,Wine,alcohols,1849,Wine grapes,United States,1.26,1.26,0.0,18.82,1.08,11.24,3.7,336.19,1741.11,O,0.5772240299691843
30,Wine,alcohols,1850,Wine grapes,United States,1.31,1.31,0.0,19.64,1.01,8.91,3.61,311.32,1612.86,C,9.9777296608959
30,Wine,alcohols,1851,Wine grapes,United States,1.51,1.51,0.0,22.58,0.97,10.78,3.74,249.0,1291.44,O,0.5772240299691843
31,Other Fruit,fruit,1853,Chinese pear,China,0.43,0.43,0.0,3.17,0.03,-,3.12,700.98,19158.11,O,0.09823182711198428
31,Other Fruit,fruit,1855,Chinese pear,China,0.86,0.86,0.0,7.93,2.22,-,10.04,797.64,76055.45,O,0.09823182711198428
31,Other Fruit,fruit,1856,Chinese pear,China,0.72,0.72,0.0,6.61,0.06,-,4.54,797.6,76052.08,O,0.09823182711198428
31,Other Fruit,fruit,1858,Pears,Italy,0.48,0.48,0.0,2.75,0.8,6.84,1.8,117.77,340.06,O,0.19646365422396855
31,Other Fruit,fruit,1862,Peach / Nectarine,France,1.07,1.07,0.0,10.46,0.62,4.62,3.1,189.1,1567.4,O,0.09823182711198428
31,Other Fruit,fruit,1863,Peach / Nectarine,France,0.63,0.63,0.0,6.16,0.58,4.22,2.11,110.27,913.98,C,0.9823182711198428
31,Other Fruit,fruit,1866,Peaches,Greece,0.42,0.42,0.0,1.79,0.59,5.34,1.44,260.6,1328.74,C,0.09823182711198428
31,Other Fruit,fruit,1867,Peaches,Greece,0.44,0.44,0.0,19.03,0.57,5.70,1.77,301.23,27675.72,C,0.3929273084479371
31,Other Fruit,fruit,1868,Peaches,Greece,1.53,1.53,0.0,66.06,0.72,7.22,1.99,260.65,1328.99,O,0.3929273084479371
31,Other Fruit,fruit,1869,Nectarines,"Iran, Islamic Republic of",0.68,0.68,0.0,25.11,0.25,6.06,1.89,274.26,23872.76,C,1.6699410609037328
31,Other Fruit,fruit,1870,Peaches,Italy,1.03,1.03,0.0,5.98,0.7,7.64,2.69,46.72,459.9,C,1.37524557956778
31,Other Fruit,fruit,1871,Peaches,Italy,0.8,0.8,0.0,44.02,1.18,6.15,2.79,1540.24,142268.55,C,1.37524557956778
31,Other Fruit,fruit,1873,Peaches,South Africa,1.14,1.14,0.0,72.86,0.6,4.57,2.1,442.69,16869.23,C,0.3929273084479371
31,Other Fruit,fruit,1874,Peaches,Spain,0.4,0.4,0.0,19.79,0.56,3.12,0.67,296.68,26699.93,C,2.0628683693516696
31,Other Fruit,fruit,1875,Avocado,Australia,1.17,1.17,0.0,22.86,0.94,8.85,5.2,757.11,4657.98,C,0.19646365422396855
31,Other Fruit,fruit,1885,Kiwi,Greece,0.58,0.58,0.0,27.41,1.3,6.40,14.71,590.35,3010.12,C,0.29469548133595286
31,Other Fruit,fruit,1886,Kiwi,"Iran, Islamic Republic of",1.39,1.39,0.0,51.16,0.51,17.18,18.95,1028.87,32135.13,C,0.09823182711198428
31,Other Fruit,fruit,1887,Kiwi,"Iran, Islamic Republic of",1.38,1.38,0.0,50.87,0.48,16.94,18.9,1028.93,32137.18,C,0.09823182711198428
31,Other Fruit,fruit,1888,Kiwi,"Iran, Islamic Republic of",1.31,1.31,0.0,48.41,0.71,18.35,20.09,1028.88,32135.38,C,0.09823182711198428
31,Other Fruit,fruit,1900,Canary melon,Brazil,1.06,1.06,0.0,29.43,2.94,5.62,2.16,0.34,3.62,C,25.638506876227897
31,Other Fruit,fruit,1901,Watermelon,"Iran, Islamic Republic of",0.55,0.55,0.0,0.98,0.85,5.23,1.22,325.97,4973.68,C,15.815324165029468
31,Other Fruit,fruit,1902,Watermelon,"Iran, Islamic Republic of",1.24,1.24,0.0,27.99,0.73,5.79,2.08,0.0,0.0,C,15.815324165029468
31,Other Fruit,fruit,1903,Watermelon,"Iran, Islamic Republic of",1.37,1.37,0.0,30.99,1.0,8.66,4.32,85.61,2602.4,C,15.815324165029468
31,Other Fruit,fruit,1904,Melon,Spain,0.21,0.21,0.0,3.69,0.55,4.19,1.01,181.0,18050.02,C,16.797642436149314
32,Coffee,stimulants,1905,Coffee beans,Brazil,8.4,8.4,0.0,276.64,4.73,52.73,41.13,10.41,19.56,C,36.882281106649266
32,Coffee,stimulants,1906,Coffee beans,Brazil,11.88,11.88,0.0,391.33,7.37,69.97,45.55,34.55,78.78,C,36.882281106649266
32,Coffee,stimulants,1914,Coffee beans,Costa Rica,22.07,22.07,0.0,2194.46,6.1,33.35,192.39,10.41,5.08,O,2.3555027961658253
32,Coffee,stimulants,1915,Coffee beans,Costa Rica,16.05,16.05,0.0,1595.97,7.13,127.11,177.96,10.41,5.08,O,2.3555027961658253
32,Coffee,stimulants,1916,Coffee beans,Costa Rica,15.13,15.13,0.0,1504.77,8.63,58.55,143.17,10.41,5.08,C,2.3555027961658253
32,Coffee,stimulants,1917,Coffee beans,Costa Rica,10.7,10.7,0.0,1063.98,9.73,73.79,112.48,10.41,5.08,C,2.3555027961658253
32,Coffee,stimulants,1918,Coffee beans,Indonesia,40.05,40.05,0.0,12196.61,84.59,105.05,268.8,38.28,811.17,C,0.37154952409464653
32,Coffee,stimulants,1923,Coffee beans,Nicaragua,22.53,22.53,0.0,6503.75,37.93,46.40,22.74,10.41,27.83,O,3.233054783689784
32,Coffee,stimulants,1924,Coffee beans,Nicaragua,16.55,16.55,0.0,4776.19,31.38,181.56,59.91,10.41,27.83,O,3.233054783689784
32,Coffee,stimulants,1925,Coffee beans,Nicaragua,19.26,19.26,0.0,5557.75,34.39,37.77,15.58,10.41,27.83,C,3.233054783689784
32,Coffee,stimulants,1926,Coffee beans,Nicaragua,14.92,14.92,0.0,4305.3,29.13,53.35,20.33,10.41,27.83,C,3.233054783689784
32,Coffee,stimulants,1932,Coffee beans,Vietnam,9.58,9.58,0.0,436.83,6.51,87.64,50.0,33.28,501.22,C,3.5096579431843593
33,Dark Chocolate,stimulants,1935,Chocolate,Ghana,130.2,130.2,0.0,2264.42,-3.66,27.46,4.46,24.94,542.74,C,5.736894164193868
33,Dark Chocolate,stimulants,1936,Cocoa,Brazil,103.72,103.72,0.0,3929.73,10.74,123.35,40.11,132.41,320.94,C,5.934718100890208
33,Dark Chocolate,stimulants,1941,Cocoa,Ivory Coast,53.8,53.8,0.0,1212.09,4.88,59.24,67.21,31.16,220.56,C,45.59841740850643
33,Dark Chocolate,stimulants,1943,Cocoa,Ghana,39.66,39.66,0.0,1663.48,2.0,6.27,3.38,7.56,153.48,C,5.736894164193868
33,Dark Chocolate,stimulants,1944,Cocoa,Ghana,55.74,55.74,0.0,2338.08,2.3,10.07,36.47,7.56,153.48,C,5.736894164193868
33,Dark Chocolate,stimulants,1945,Cocoa,Ghana,62.93,62.93,0.0,2639.72,3.54,8.17,4.98,7.56,153.48,C,5.736894164193868
33,Dark Chocolate,stimulants,1946,Cocoa,Ghana,77.91,77.91,0.0,1354.97,2.81,72.84,93.03,265.8,5934.7,C,5.736894164193868
33,Dark Chocolate,stimulants,1948,Cocoa,Indonesia,111.57,111.57,0.0,60168.59,257.95,167.50,237.74,68.05,1625.52,C,9.891196834817013
33,Dark Chocolate,stimulants,1949,Cocoa,Indonesia,44.84,44.84,0.0,32679.49,134.05,6.90,96.89,22.82,751.16,C,9.891196834817013
34,Bovine Meat (beef herd),protein_rich,1975,Beef,Brazil,742.89,0.0,742.89,1408.28,205.32,437.14,388.3,716.47,450.8,C,32.27049587764061
34,Bovine Meat (beef herd),protein_rich,1976,Beef,Brazil,66.45,0.0,66.45,125.96,55.77,273.14,114.19,330.12,228.71,C,4.457250811828813
34,Bovine Meat (beef herd),protein_rich,1977,Beef,Brazil,1971.94,0.0,1971.94,20348.71,374.22,73.56,276.54,573.22,281.0,C,13.193462403013289
34,Bovine Meat (beef herd),protein_rich,1978,Beef,Brazil,881.83,0.0,881.83,9099.69,266.38,669.06,345.21,470.09,238.31,C,32.27049587764061
34,Bovine Meat (beef herd),protein_rich,1979,Beef,Brazil,271.51,0.0,271.51,2801.75,145.31,430.79,181.6,367.32,195.78,C,9.984241818496542
34,Bovine Meat (beef herd),protein_rich,1980,Beef,Brazil,131.33,0.0,131.33,1355.22,111.68,415.68,158.03,305.91,170.36,C,6.775021233979798
34,Bovine Meat (beef herd),protein_rich,2004,Beef,France,64.89,18.18,46.72,223.1,43.97,235.48,132.45,230.25,1732.07,C,0.06458696439563136
34,Bovine Meat (beef herd),protein_rich,2005,Beef,France,63.72,17.85,45.87,224.07,43.9,239.79,132.45,245.39,1857.59,C,0.06458696439563136
34,Bovine Meat (beef herd),protein_rich,2006,Beef,France,62.54,16.22,46.32,146.69,43.56,232.61,125.28,176.13,1283.47,C,0.06458696439563136
34,Bovine Meat (beef herd),protein_rich,2007,Beef,France,62.8,17.05,45.75,144.19,42.02,239.79,132.45,205.38,1525.97,C,0.06458696439563136
34,Bovine Meat (beef herd),protein_rich,2008,Beef,France,70.17,21.37,48.81,232.55,47.86,250.41,128.58,228.74,1719.59,C,0.06458696439563136
34,Bovine Meat (beef herd),protein_rich,2009,Beef,France,63.29,20.51,42.78,219.31,48.17,248.97,128.29,228.74,1719.59,C,0.06458696439563136
34,Bovine Meat (beef herd),protein_rich,2010,Beef,France,71.14,19.89,51.25,244.12,48.14,253.14,142.22,228.74,1719.59,C,0.06458696439563136
34,Bovine Meat (beef herd),protein_rich,2011,Beef,France,63.88,21.82,42.06,227.77,47.12,244.81,137.33,276.13,2112.36,C,0.06458696439563136
34,Bovine Meat (beef herd),protein_rich,2012,Beef,France,69.32,20.8,48.52,227.17,47.96,250.27,141.5,239.13,1805.64,C,0.06458696439563136
34,Bovine Meat (beef herd),protein_rich,2013,Beef,France,63.36,20.58,42.78,215.8,45.15,233.04,132.02,213.7,1594.86,C,0.06458696439563136
34,Bovine Meat (beef herd),protein_rich,2014,Beef,France,70.38,21.0,49.38,170.35,48.71,254.29,142.65,228.74,1719.59,C,0.06458696439563136
34,Bovine Meat (beef herd),protein_rich,2015,Beef,France,70.2,21.39,48.81,177.28,48.3,251.99,142.5,234.38,1766.31,C,0.06458696439563136
34,Bovine Meat (beef herd),protein_rich,2016,Beef,France,69.85,21.18,48.66,204.44,46.63,258.59,153.13,171.11,1241.85,C,0.06458696439563136
34,Bovine Meat (beef herd),protein_rich,2017,Beef,France,56.85,19.1,37.75,147.08,51.52,222.42,103.74,228.33,1716.2,C,0.06458696439563136
34,Bovine Meat (beef herd),protein_rich,2035,Beef,Sweden,172.57,31.09,141.48,89.58,50.22,178.03,80.83,658.88,1857.17,O,0.011743084435569338
34,Bovine Meat (beef herd),protein_rich,2044,Beef,United States,131.29,93.78,37.51,283.67,61.61,-,307.29,4898.91,177953.94,C,0.06653569571296598
34,Bovine Meat (beef herd),protein_rich,2045,Beef,United States,160.66,114.76,45.91,347.13,62.52,-,351.34,2490.91,90091.46,C,0.06212935824853115
34,Bovine Meat (beef herd),protein_rich,2046,Beef,United States,202.08,0.0,202.08,243.97,71.78,-,418.9,1848.57,66653.77,C,0.004406337464434834
35,Bovine Meat (dairy herd),protein_rich,2073,Beef,France,65.31,34.91,30.41,143.9,73.92,533.18,204.03,3088.42,86399.99,C,0.14483137470535515
35,Bovine Meat (dairy herd),protein_rich,2074,Beef,France,48.57,25.75,22.82,104.98,55.01,385.56,147.5,1984.28,54119.97,C,0.14483137470535515
35,Bovine Meat (dairy herd),protein_rich,2075,Beef,France,44.43,27.85,16.57,126.38,53.19,328.37,154.88,3140.91,112868.45,C,0.14483137470535515
35,Bovine Meat (dairy herd),protein_rich,2076,Beef,France,35.24,25.95,9.29,146.82,46.67,301.18,140.61,2055.71,60492.46,C,0.14483137470535515
35,Bovine Meat (dairy herd),protein_rich,2077,Beef,France,45.78,29.46,16.32,122.2,51.81,324.36,157.03,3167.54,120025.98,C,0.14483137470535515
35,Bovine Meat (dairy herd),protein_rich,2078,Beef,France,40.53,30.01,10.52,195.15,46.04,304.97,150.6,2141.83,65250.33,C,0.14483137470535515
35,Bovine Meat (dairy herd),protein_rich,2080,Beef,Mexico,104.68,0.45,104.23,2700.26,26.79,464.59,1545.26,8340.28,168179.14,C,49.5420197070128
35,Bovine Meat (dairy herd),protein_rich,2081,Beef,Mexico,353.4,0.5,352.89,9577.9,41.86,1155.19,2637.27,9328.98,43897.44,C,49.5420197070128
35,Bovine Meat (dairy herd),protein_rich,2088,Beef,Sweden,47.68,47.68,0.0,62.09,38.22,138.07,87.16,4908.96,149060.98,C,0.01696223307360015
35,Bovine Meat (dairy herd),protein_rich,2089,Beef,Sweden,47.2,47.2,0.0,23.12,36.95,136.28,90.88,5370.64,165880.7,C,0.01696223307360015
35,Bovine Meat (dairy herd),protein_rich,2090,Beef,Sweden,64.0,36.71,27.3,33.95,38.13,322.44,148.07,2487.85,51125.07,O,0.01304787159507704
36,Lamb & Mutton,protein_rich,2105,Mutton,Australia,43.66,43.66,0.0,558.23,31.97,140.50,23.53,86.27,995.28,C,50.00000000000001
36,Lamb & Mutton,protein_rich,2106,Mutton,Australia,43.66,43.66,0.0,558.23,29.84,139.99,23.48,86.27,995.28,C,50.00000000000001
37,Pig Meat,protein_rich,2141,Pork,Brazil,7.39,7.39,0.0,341.5,8.6,117.53,54.15,977.23,30492.34,C,1.5465308539360556
37,Pig Meat,protein_rich,2142,Pork,Brazil,7.39,7.39,0.0,341.5,7.73,119.74,54.64,977.23,30492.34,C,0.39485894143048234
37,Pig Meat,protein_rich,2143,Pork,Brazil,19.02,19.02,0.0,787.73,22.73,467.30,236.7,85.01,51.63,C,1.5465308539360556
37,Pig Meat,protein_rich,2146,Pork,Cuba,32.38,32.38,0.0,401.78,20.68,214.51,115.98,1445.89,20555.89,C,92.72000571276277
37,Pig Meat,protein_rich,2178,Pork,Mexico,16.64,16.64,0.0,61.42,18.13,154.17,50.87,2064.09,74705.15,C,0.17207842638006604
37,Pig Meat,protein_rich,2179,Pork,Mexico,17.96,17.96,0.0,66.3,13.05,129.35,47.6,2256.54,81693.68,C,0.17207842638006604
37,Pig Meat,protein_rich,2189,Pork,Spain,23.82,23.82,0.0,346.74,12.32,132.44,68.37,3166.49,141634.87,C,0.43746276889595176
37,Pig Meat,protein_rich,2190,Pork,Spain,31.48,31.48,0.0,458.29,12.75,129.96,79.47,2532.95,101918.69,C,0.43746276889595176
37,Pig Meat,protein_rich,2211,Pork,United States,12.2,12.2,0.0,44.28,12.03,62.68,43.74,188.54,6700.56,C,2.5729912473826024
38,Poultry Meat,protein_rich,2218,Chicken,Brazil,6.51,6.51,0.0,92.24,5.33,43.22,33.04,367.09,330.92,C,32.572705943650845
38,Poultry Meat,protein_rich,2219,Chicken,Brazil,7.16,7.16,0.0,75.11,4.03,51.23,34.02,361.23,218.61,C,32.572705943650845
38,Poultry Meat,protein_rich,2220,Chicken,Brazil,13.5,13.5,0.0,675.69,20.39,194.15,60.55,19.12,21.13,C,32.572705943650845
38,Poultry Meat,protein_rich,2227,Chicken,France,14.88,14.88,0.0,211.73,10.29,125.25,50.22,764.49,22063.42,C,0.11174791179761263
38,Poultry Meat,protein_rich,2228,Chicken,France,14.36,14.36,0.0,204.29,9.79,112.94,49.6,704.79,17429.06,C,0.11174791179761263
38,Poultry Meat,protein_rich,2229,Chicken,France,14.65,14.65,0.0,208.43,9.18,111.26,52.07,824.32,21540.18,C,0.11174791179761263
38,Poultry Meat,protein_rich,2230,Chicken,France,12.96,12.96,0.0,184.44,9.11,110.14,48.54,962.63,30825.91,C,0.11174791179761263
38,Poultry Meat,protein_rich,2231,Chicken,France,7.24,7.24,0.0,198.88,11.69,70.44,26.88,1050.89,29651.79,C,0.11174791179761263
38,Poultry Meat,protein_rich,2232,Chicken,France,10.76,10.76,0.0,287.63,16.1,104.66,40.89,1106.18,20398.53,C,0.11174791179761263
38,Poultry Meat,protein_rich,2233,Chicken,France,22.91,22.91,0.0,61.75,9.04,106.47,50.67,3597.99,149220.51,O,0.010158901072510239
38,Poultry Meat,protein_rich,2234,Duck,France,10.71,10.71,0.0,211.47,14.12,121.40,42.68,1376.46,37230.84,C,0.2336547246677355
38,Poultry Meat,protein_rich,2235,Turkey,France,11.11,11.11,0.0,334.43,17.5,101.73,42.14,1579.16,50514.81,C,0.32508483432032764
38,Poultry Meat,protein_rich,2236,Turkey,France,15.16,15.16,0.0,456.69,23.33,150.66,60.54,2154.98,68991.76,C,0.020317802145020478
38,Poultry Meat,protein_rich,2237,Chicken,France,7.19,7.19,0.0,170.5,6.11,63.47,32.3,712.23,13382.64,C,0.11174791179761263
38,Poultry Meat,protein_rich,2238,Chicken,France,10.86,10.86,0.0,197.02,7.5,107.53,45.83,1194.02,21310.54,C,0.11174791179761263
38,Poultry Meat,protein_rich,2247,Chicken,Sweden,11.24,11.24,0.0,159.84,5.53,53.98,24.8,1372.09,52605.82,C,0.06005132424518603
38,Poultry Meat,protein_rich,2251,Chicken,United Kingdom,11.77,11.77,0.0,167.44,9.73,71.54,32.97,1600.1,66435.05,C,0.6665696991215648
38,Poultry Meat,protein_rich,2252,Chicken,United Kingdom,15.13,15.13,0.0,215.29,11.09,89.04,38.97,1837.03,75382.27,C,0.012010264849037205
38,Poultry Meat,protein_rich,2253,Chicken,United Kingdom,52.54,52.54,0.0,747.52,14.86,131.95,76.31,3780.44,171337.17,O,0.012010264849037205
38,Poultry Meat,protein_rich,2254,Turkey,United Kingdom,19.48,19.48,0.0,277.07,13.45,171.76,66.81,4710.25,214879.15,C,0.012010264849037205
38,Poultry Meat,protein_rich,2255,Turkey,United Kingdom,16.57,16.57,0.0,235.72,12.22,155.61,61.51,4258.24,194100.81,C,0.012010264849037205
38,Poultry Meat,protein_rich,2256,Turkey,United Kingdom,18.02,18.02,0.0,256.4,13.01,156.88,65.65,4710.1,214878.43,C,0.012010264849037205
38,Poultry Meat,protein_rich,2257,Turkey,United Kingdom,15.12,15.12,0.0,215.04,11.58,142.46,56.63,3955.44,180241.86,C,0.012010264849037205
39,Milk,milks,2275,Cow's milk,Brazil,3.53,2.85,0.67,84.53,5.67,27.26,15.36,128.96,307.76,P,34.04583161964452
39,Milk,milks,2276,Cow's milk,Canada,4.84,4.84,0.0,23.27,3.36,20.09,5.96,142.45,4469.2,I,0.0021975623108343527
39,Milk,milks,2277,Cow's milk,Canada,4.97,3.6,1.36,5.55,2.86,17.78,5.72,286.21,11925.4,P,0.0021975623108343527
39,Milk,milks,2304,Cow's milk,Denmark,2.38,1.19,1.19,5.58,2.68,22.69,9.8,231.75,2841.08,P,0.0041305009631698135
39,Milk,milks,2305,Cow's milk,Denmark,2.24,1.2,1.04,8.33,2.28,21.00,8.73,301.15,7270.48,P,0.0041305009631698135
39,Milk,milks,2306,Cow's milk,Denmark,1.76,1.4,0.36,6.1,2.96,25.92,12.16,435.84,7321.41,P,0.022717755297433972
39,Milk,milks,2307,Cow's milk,Denmark,1.41,0.86,0.55,4.93,2.45,22.04,9.81,452.2,7774.83,P,0.022717755297433972
39,Milk,milks,2308,Cow's milk,Denmark,2.26,2.26,0.0,20.07,3.1,26.66,10.46,527.75,20133.57,I,0.022717755297433972
39,Milk,milks,2312,Cow's milk,France,1.73,0.92,0.81,3.42,2.42,16.25,6.0,223.8,6221.33,P,0.19888153098671074
39,Milk,milks,2313,Cow's milk,France,1.78,0.95,0.84,3.52,2.44,16.20,6.0,204.98,5624.54,P,0.19888153098671074
39,Milk,milks,2314,Cow's milk,France,1.63,1.03,0.61,4.32,2.37,14.04,6.25,328.2,11829.14,P,0.19888153098671074
39,Milk,milks,2315,Cow's milk,France,1.36,1.0,0.36,5.17,2.2,13.62,6.01,206.62,6115.93,P,0.19888153098671074
39,Milk,milks,2316,Cow's milk,France,1.7,1.1,0.61,4.16,2.35,14.09,6.44,331.0,12579.55,P,0.19888153098671074
39,Milk,milks,2317,Cow's milk,France,1.55,1.15,0.4,6.83,2.19,13.78,6.4,215.33,6597.39,P,0.19888153098671074
39,Milk,milks,2321,Cow's milk,Germany,1.36,1.36,0.0,10.44,2.32,21.62,8.83,458.51,18961.17,I,0.6042926407206227
39,Milk,milks,2322,Cow's milk,Germany,1.83,0.12,1.71,2.26,1.45,10.55,5.7,54.15,1529.68,P,0.6042926407206227
39,Milk,milks,2326,Cow's milk,Ireland,0.8,0.33,0.48,1.8,1.7,9.70,4.24,28.23,728.96,P,0.00619575144475472
39,Milk,milks,2327,Cow's milk,Ireland,1.21,1.17,0.03,10.6,1.9,15.01,5.52,222.54,8868.32,P,0.00619575144475472
39,Milk,milks,2331,Cow's milk,Italy,1.19,1.17,0.02,14.9,2.36,-,18.91,252.27,9151.09,P,0.10179721586229794
39,Milk,milks,2336,Cow's milk,Italy,1.93,1.93,0.0,24.58,2.5,22.76,8.96,514.13,23828.59,I,0.10179721586229794
39,Milk,milks,2337,Cow's milk,Italy,1.43,1.43,0.0,18.08,3.33,33.48,14.12,275.37,12827.76,I,0.10179721586229794
39,Milk,milks,2338,Cow's milk,Italy,1.61,1.61,0.0,20.64,2.58,23.31,9.31,585.34,27087.4,I,0.10179721586229794
39,Milk,milks,2339,Cow's milk,Italy,1.45,1.45,0.0,18.58,2.25,20.67,7.94,739.81,34159.11,I,0.10179721586229794
39,Milk,milks,2340,Cow's milk,Italy,1.01,1.01,0.0,12.94,2.06,19.37,7.16,783.33,35928.94,I,0.10179721586229794
39,Milk,milks,2351,Cow's milk,Mexico,3.53,3.53,0.0,138.89,2.78,22.51,11.98,198.82,3245.52,I,53.47542746448429
39,Milk,milks,2353,Cow's milk,Netherlands,1.32,1.13,0.19,8.86,2.0,25.53,23.24,377.53,11912.54,P,0.5918306637991074
39,Milk,milks,2367,Cow's milk,Peru,27.08,4.55,22.53,2485.1,14.58,18.89,18.55,982.88,237.5,P,6.932409153321282
39,Milk,milks,2368,Cow's milk,Peru,5.31,5.31,0.0,107.7,6.07,11.21,6.22,4233.62,90838.07,I,1.8486424408856756
40,Cheese,protein_rich,2411,Cow's cheese (Gouda),Netherlands,6.9,5.92,0.98,45.16,9.58,132.56,122.31,2006.75,63234.37,C,1.8181806993186374
40,Cheese,protein_rich,2439,Cow's milk,Brazil,31.43,25.42,6.01,746.8,46.59,228.43,137.84,1140.0,2725.52,P,32.14874518796381
40,Cheese,protein_rich,2440,Cow's milk,Canada,44.88,44.88,0.0,222.74,27.34,172.03,55.95,1311.89,41450.89,I,0.28701066906749706
40,Cheese,protein_rich,2441,Cow's milk,Canada,46.09,33.45,12.64,53.14,22.73,150.58,53.68,2646.11,110650.09,P,0.28701066906749706
40,Cheese,protein_rich,2468,Cow's milk,Denmark,21.24,10.63,10.6,49.14,20.18,188.56,88.14,2054.83,25257.23,P,0.04509413031077357
40,Cheese,protein_rich,2469,Cow's milk,Denmark,19.95,10.7,9.25,73.46,16.61,173.46,78.58,2672.83,64701.76,P,0.04509413031077357
40,Cheese,protein_rich,2470,Cow's milk,Denmark,15.71,12.5,3.21,53.74,22.73,217.30,109.13,3872.27,65155.36,P,0.24801771670925463
40,Cheese,protein_rich,2471,Cow's milk,Denmark,12.55,7.69,4.87,43.48,18.16,182.80,88.23,4017.99,69193.14,P,0.24801771670925463
40,Cheese,protein_rich,2472,Cow's milk,Denmark,20.11,20.11,0.0,176.88,23.94,223.88,94.01,4690.82,179249.85,I,0.24801771670925463
40,Cheese,protein_rich,2475,Cow's milk,France,15.58,8.3,7.27,30.98,18.11,132.87,54.9,2010.63,56131.59,P,0.6998108250484114
40,Cheese,protein_rich,2476,Cow's milk,France,16.09,8.53,7.56,31.88,18.33,132.40,54.9,1840.85,50745.03,P,0.6998108250484114
40,Cheese,protein_rich,2477,Cow's milk,France,14.73,9.26,5.47,39.15,17.65,112.93,57.18,2953.02,106747.19,P,0.6998108250484114
40,Cheese,protein_rich,2478,Cow's milk,France,12.26,9.03,3.23,46.81,16.17,109.14,55.0,1855.59,55180.24,P,0.6998108250484114
40,Cheese,protein_rich,2479,Cow's milk,France,15.38,9.9,5.48,37.63,17.53,113.41,58.89,2978.22,113520.34,P,0.6998108250484114
40,Cheese,protein_rich,2480,Cow's milk,France,14.02,10.38,3.64,61.86,16.06,110.56,58.51,1934.25,59525.9,P,0.6998108250484114
40,Cheese,protein_rich,2483,Cow's milk,Germany,12.38,12.38,0.0,95.53,17.34,182.28,80.84,4150.91,172036.15,I,1.8493669461372015
40,Cheese,protein_rich,2484,Cow's milk,Germany,16.58,1.09,15.49,20.67,9.42,81.83,52.45,481.86,13868.1,P,1.8493669461372015
40,Cheese,protein_rich,2488,Cow's milk,Ireland,7.53,3.07,4.46,17.57,12.02,76.34,40.34,254.32,6830.37,P,0.04177541608487077
40,Cheese,protein_rich,2489,Cow's milk,Ireland,11.33,11.01,0.32,103.62,13.94,126.13,52.28,2077.0,83179.57,P,0.04177541608487077
40,Cheese,protein_rich,2493,Cow's milk,Italy,10.84,10.63,0.22,136.88,17.74,-,172.62,2283.95,83025.8,P,0.3527604455324788
40,Cheese,protein_rich,2497,Cow's milk,Italy,17.53,17.53,0.0,225.79,19.01,192.99,82.21,4664.56,216463.29,I,0.3527604455324788
40,Cheese,protein_rich,2498,Cow's milk,Italy,12.99,12.99,0.0,166.08,26.55,290.41,129.12,2493.95,116451.46,I,0.3527604455324788
40,Cheese,protein_rich,2499,Cow's milk,Italy,14.64,14.64,0.0,189.62,19.68,197.97,85.4,5311.97,246090.04,I,0.3527604455324788
40,Cheese,protein_rich,2500,Cow's milk,Italy,13.14,13.14,0.0,170.67,16.67,174.00,72.9,6716.25,310381.02,I,0.3527604455324788
40,Cheese,protein_rich,2501,Cow's milk,Italy,9.17,9.17,0.0,118.88,15.0,162.12,65.86,7111.96,326471.12,I,0.3527604455324788
40,Cheese,protein_rich,2512,Cow's milk,Mexico,31.77,31.77,0.0,1290.05,20.98,187.61,108.61,1778.26,28989.34,I,44.288707808543734
40,Cheese,protein_rich,2514,Cow's milk,Netherlands,11.69,10.03,1.66,77.46,17.79,225.97,208.92,3340.4,105671.58,P,1.8181806993186374
40,Cheese,protein_rich,2528,Cow's milk,Peru,289.01,48.54,240.47,31459.31,150.52,182.45,197.72,10473.69,2274.44,P,6.647534611611622
40,Cheese,protein_rich,2529,Cow's milk,Peru,56.66,56.66,0.0,1363.41,59.78,100.45,66.13,45167.23,969209.82,I,1.7726758964297658
41,Eggs,protein_rich,2564,Chicken's eggs,France,3.73,3.73,0.0,87.14,4.64,43.64,14.36,457.84,11743.56,C,9.332023575638505
41,Eggs,protein_rich,2565,Chicken's eggs,France,4.49,4.49,0.0,104.91,5.85,54.11,17.77,550.76,14133.4,C,1.5717092337917484
41,Eggs,protein_rich,2566,Chicken's eggs,France,4.25,4.25,0.0,111.61,5.83,44.70,16.32,701.27,21502.63,C,3.2416502946954813
41,Eggs,protein_rich,2567,Chicken's eggs,France,8.66,8.66,0.0,21.39,2.56,38.12,17.89,1411.1,56161.4,O,1.080550098231827
41,Eggs,protein_rich,2581,Chicken's eggs,Sweden,11.36,11.36,0.0,65.18,4.2,39.31,20.89,777.93,25500.89,O,1.768172888015717
41,Eggs,protein_rich,2582,Chicken's eggs,Sweden,5.94,5.94,0.0,43.77,3.28,25.80,14.48,1035.56,38868.13,C,15.815324165029468
41,Eggs,protein_rich,2583,Chicken's eggs,Sweden,5.71,5.71,0.0,42.55,2.95,20.26,11.97,938.03,35439.52,C,15.815324165029468
41,Eggs,protein_rich,2584,Chicken's eggs,United Kingdom,5.71,5.71,0.0,74.41,3.84,53.50,19.4,740.73,29533.13,C,18.762278978388995
41,Eggs,protein_rich,2585,Chicken's eggs,United Kingdom,5.99,5.99,0.0,78.13,4.41,59.26,21.31,803.99,32066.92,C,1.473477406679764
41,Eggs,protein_rich,2586,Chicken's eggs,United Kingdom,7.28,7.28,0.0,94.87,4.44,63.73,23.07,855.18,34116.22,C,12.868369351669939
41,Eggs,protein_rich,2587,Chicken's eggs,United Kingdom,24.12,24.12,0.0,314.37,5.82,88.75,39.16,2145.41,97886.67,O,1.473477406679764
41,Eggs,protein_rich,2589,Chicken's eggs,United States,5.5,5.5,0.0,17.69,2.87,78.12,21.27,643.87,24888.76,C,16.797642436149314
42,Fish (farmed),protein_rich,2590,"Grass carp, silver carp, big head carp, common carp, catfish",Brazil,27.01,27.01,0.0,1132.89,34.78,93.39,58.14,16248.32,8457.93,C,24.51040579928407
42,Fish (farmed),protein_rich,2591,"Grass carp, silver carp, big head carp, common carp, catfish",Brazil,26.26,26.26,0.0,1118.57,32.3,94.33,61.12,11893.6,6194.17,C,24.51040579928407
42,Fish (farmed),protein_rich,2592,"Grass carp, silver carp, big head carp, common carp, catfish",Brazil,27.27,27.27,0.0,1109.46,32.03,97.27,70.79,10826.0,5639.19,C,24.51040579928407
42,Fish (farmed),protein_rich,2593,"Tilapia, African catfish",Cameroon,17.73,17.73,0.0,1484.56,87.78,149.37,3505.64,9582.98,9944.75,C,0.08980422763254257
42,Fish (farmed),protein_rich,2594,"Tilapia, African catfish",Cameroon,14.7,14.7,0.0,1412.24,40.37,91.25,1237.24,11590.21,12020.48,C,0.08980422763254257
42,Fish (farmed),protein_rich,2595,"Tilapia, African catfish",Cameroon,10.84,10.84,0.0,1455.47,34.94,75.85,1556.33,20031.12,12353.76,C,0.08980422763254257
42,Fish (farmed),protein_rich,2596,"Tilapia, African catfish",Cameroon,7.59,7.59,0.0,1018.32,28.01,59.91,614.77,19242.93,11869.17,C,0.08980422763254257
42,Fish (farmed),protein_rich,2598,Tilapia,China,3.69,3.69,0.0,56.67,14.23,82.35,155.74,3446.41,84956.49,C,1.7751493581077846
42,Fish (farmed),protein_rich,2599,Tilapia,China,4.46,4.46,0.0,68.57,17.0,97.82,205.66,3940.22,120318.82,C,1.872685037124696
42,Fish (farmed),protein_rich,2600,Tilapia,China,4.07,4.07,0.0,62.62,13.23,87.22,172.79,3105.83,135696.05,C,1.7361350865010203
42,Fish (farmed),protein_rich,2601,Tilapia,China,3.69,3.69,0.0,56.67,16.72,85.40,171.57,4408.79,84756.32,C,0.7997925679386723
42,Fish (farmed),protein_rich,2603,Rainbow trout,France,7.26,7.26,0.0,110.47,10.63,87.66,153.64,135.95,786.97,C,0.02653106568706184
42,Fish (farmed),protein_rich,2604,Trout,France,5.12,5.12,0.0,138.93,8.84,56.80,98.51,318.82,2827.38,C,0.02653106568706184
42,Fish (farmed),protein_rich,2605,Trout,France,7.12,7.12,0.0,132.81,9.78,57.56,110.66,303.07,3017.06,C,0.02653106568706184
42,Fish (farmed),protein_rich,2612,"Sea bass, sea bream",France,0.82,0.82,0.0,12.41,13.27,95.65,27.45,601.71,14942.7,C,0.6721203307388998
42,Fish (farmed),protein_rich,2613,Salmon,France,1.97,1.97,0.0,14.1,8.14,60.92,19.93,839.51,22269.41,C,0.008843688562353945
42,Fish (farmed),protein_rich,2614,"Common carp, tench, roach, perch, sander, pike",France,94.56,94.56,0.0,720.86,38.97,77.64,47.82,45248.93,61658.61,C,0.1768737712470789
42,Fish (farmed),protein_rich,2615,"Common carp, tench, roach, perch, pike",France,173.63,173.63,0.0,1309.04,68.72,129.59,57.76,60809.14,121531.73,C,0.1768737712470789
42,Fish (farmed),protein_rich,2624,Trout,Peru,26.94,26.94,0.0,569.0,15.34,146.45,226.28,1147.83,24725.79,C,2.132336059686065
42,Fish (farmed),protein_rich,2625,Trout,Peru,19.08,19.08,0.0,402.93,14.14,88.88,179.52,1409.84,44564.1,C,2.132336059686065
42,Fish (farmed),protein_rich,2626,Trout,Peru,19.21,19.21,0.0,405.68,14.94,100.98,213.17,786.07,26653.84,C,2.132336059686065
42,Fish (farmed),protein_rich,2627,Tambaqui,Peru,41.21,41.21,0.0,977.8,31.38,111.59,242.18,108722.88,56453.6,C,4.797756134293645
42,Fish (farmed),protein_rich,2628,Tambaqui,Peru,22.68,22.68,0.0,586.34,29.05,96.82,194.45,110939.56,129472.81,C,4.797756134293645
42,Fish (farmed),protein_rich,2629,Tilapia,Peru,93.45,93.45,0.0,2048.36,31.05,116.48,244.05,21297.42,182625.1,C,0.5330840149215162
42,Fish (farmed),protein_rich,2630,Tilapia,Peru,93.52,93.52,0.0,1978.31,32.43,138.58,249.22,6270.3,123606.42,C,0.5330840149215162
42,Fish (farmed),protein_rich,2631,Tilapia,Peru,18.41,18.41,0.0,392.0,24.35,173.88,169.32,5594.82,102861.28,C,0.5330840149215162
42,Fish (farmed),protein_rich,2632,Tilapia,Thailand,0.93,0.93,0.0,15.51,20.08,110.33,147.37,2924.24,48150.32,C,0.28452617083819587
42,Fish (farmed),protein_rich,2633,Tilapia,Thailand,1.02,1.02,0.0,16.9,17.97,114.94,231.68,3741.7,60464.66,C,0.10346406212298033
42,Fish (farmed),protein_rich,2636,Salmon,United Kingdom,4.3,4.3,0.0,113.95,8.69,51.24,84.8,1156.33,830.05,C,0.3241943379221824
42,Fish (farmed),protein_rich,2637,Salmon,United Kingdom,6.64,6.64,0.0,140.99,8.31,59.04,91.94,919.61,1307.35,C,0.3241943379221824
42,Fish (farmed),protein_rich,2640,Pangasius,Vietnam,0.27,0.27,0.0,4.59,12.95,76.16,129.2,3344.9,121059.23,C,0.07413123495492491
42,Fish (farmed),protein_rich,2641,Pangasius,Vietnam,0.33,0.33,0.0,5.57,13.58,80.55,132.52,3321.64,127755.52,C,0.06847236205760239
42,Fish (farmed),protein_rich,2642,Pangasius,Vietnam,0.3,0.3,0.0,5.02,12.04,72.04,114.46,2940.07,113381.2,C,0.040743884860722085
43,Crustaceans (farmed),protein_rich,2644,Giant river prawn,Bangladesh,2.41,2.41,0.0,40.34,82.75,393.49,900.4,34806.78,1308548.04,C,0.04867067501193344
43,Crustaceans (farmed),protein_rich,2645,Giant river prawn,Bangladesh,2.31,2.31,0.0,38.8,94.58,487.80,1147.46,28834.32,980850.54,C,0.03494304872651632
43,Crustaceans (farmed),protein_rich,2646,Tiger prawn,Bangladesh,0.26,0.26,0.0,4.43,17.51,105.78,132.12,5337.93,67788.09,C,0.023711354492993216
43,Crustaceans (farmed),protein_rich,2647,Tiger prawn,Bangladesh,0.08,0.08,0.0,1.27,48.11,166.35,250.87,13549.98,547706.89,C,0.013727626285417125
43,Crustaceans (farmed),protein_rich,2648,Tiger prawn,Bangladesh,1.35,1.35,0.0,22.66,30.88,218.16,493.95,2998.44,91349.07,C,0.0024959320518940227
43,Crustaceans (farmed),protein_rich,2649,Giant river prawn,Bangladesh,1.93,1.93,0.0,32.33,43.6,307.15,703.81,4320.62,133713.47,C,0.062398301297350564
43,Crustaceans (farmed),protein_rich,2650,Amazon river prawn,Brazil,24.6,24.6,0.0,754.99,87.75,281.92,628.27,10474.68,12574.03,C,32.88849264792151
43,Crustaceans (farmed),protein_rich,2651,Amazon river prawn,Brazil,25.13,25.13,0.0,775.73,69.55,285.99,123.52,10474.68,12574.03,C,16.444246323960755
43,Crustaceans (farmed),protein_rich,2652,Giant giver prawn,Brazil,14.25,14.25,0.0,446.36,48.54,168.53,407.22,6634.04,7888.25,C,32.88849264792151
43,Crustaceans (farmed),protein_rich,2653,Giant giver prawn,Brazil,15.21,15.21,0.0,484.47,38.3,170.96,93.83,6634.04,7888.25,C,16.444246323960755
43,Crustaceans (farmed),protein_rich,2654,Shrimp,China,2.59,2.59,0.0,46.44,12.93,127.18,131.4,1217.26,46979.7,C,0.2563535979267054
43,Crustaceans (farmed),protein_rich,2655,Shrimp,China,5.19,5.19,0.0,82.08,8.33,63.82,68.56,864.13,36156.43,C,0.2563535979267054
43,Crustaceans (farmed),protein_rich,2656,Shrimp,China,0.62,0.62,0.0,9.6,15.09,88.32,142.35,673.28,23147.34,C,0.2563535979267054
43,Crustaceans (farmed),protein_rich,2657,Shrimp,China,0.7,0.7,0.0,10.69,16.32,92.58,147.22,658.55,24258.78,C,0.2563535979267054
43,Crustaceans (farmed),protein_rich,2658,Shrimp,Thailand,1.01,1.01,0.0,16.75,21.85,114.68,196.11,1331.45,50918.21,C,0.0111964296965955
43,Crustaceans (farmed),protein_rich,2659,Shrimp,Thailand,0.82,0.82,0.0,13.72,19.12,113.49,192.16,1333.85,50474.59,C,0.029857145857588002
43,Crustaceans (farmed),protein_rich,2660,Tiger prawn,Vietnam,0.61,0.61,0.0,10.28,17.26,91.97,120.43,1187.16,51647.14,C,0.0591811283962905
43,Crustaceans (farmed),protein_rich,2661,Shrimp,Vietnam,0.45,0.45,0.0,7.54,13.98,82.14,93.2,926.29,40260.05,C,0.006931123145511501
43,Crustaceans (farmed),protein_rich,2662,Tiger prawn,Vietnam,0.6,0.6,0.0,10.07,16.91,95.69,131.99,1352.78,56900.34,C,0.015994899566565
